date,close
2018-01-02 00:00:00-05:00,81.10423278808594
2018-01-03 00:00:00-05:00,81.58031463623047
2018-01-04 00:00:00-05:00,82.18619537353516
2018-01-05 00:00:00-05:00,82.65362548828125
2018-01-08 00:00:00-05:00,82.86135864257812
2018-01-09 00:00:00-05:00,83.12966918945312
2018-01-10 00:00:00-05:00,84.20298767089844
2018-01-11 00:00:00-05:00,84.63578796386719
2018-01-12 00:00:00-05:00,84.48865509033203
2018-01-16 00:00:00-05:00,84.1077651977539
2018-01-17 00:00:00-05:00,84.47997283935547
2018-01-18 00:00:00-05:00,84.42805480957031
2018-01-19 00:00:00-05:00,85.2330322265625
2018-01-22 00:00:00-05:00,85.85624694824219
2018-01-23 00:00:00-05:00,85.80428314208984
2018-01-24 00:00:00-05:00,87.04206848144531
2018-01-25 00:00:00-05:00,87.85572052001953
2018-01-26 00:00:00-05:00,89.05020904541016
2018-01-29 00:00:00-05:00,88.88578033447266
2018-01-30 00:00:00-05:00,88.85980224609375
2018-01-31 00:00:00-05:00,88.60009765625
2018-02-01 00:00:00-05:00,88.38368225097656
2018-02-02 00:00:00-05:00,87.25848388671875
2018-02-05 00:00:00-05:00,84.13374328613281
2018-02-06 00:00:00-05:00,82.85267639160156
2018-02-07 00:00:00-05:00,83.76155090332031
2018-02-08 00:00:00-05:00,80.27328491210938
2018-02-09 00:00:00-05:00,82.25543975830078
2018-02-12 00:00:00-05:00,82.35932922363281
2018-02-13 00:00:00-05:00,83.24220275878906
2018-02-14 00:00:00-05:00,83.0950698852539
2018-02-15 00:00:00-05:00,83.57978057861328
2018-02-16 00:00:00-05:00,84.67042541503906
2018-02-20 00:00:00-05:00,84.23761749267578
2018-02-21 00:00:00-05:00,84.09048461914062
2018-02-22 00:00:00-05:00,84.8521728515625
2018-02-23 00:00:00-05:00,86.40154266357422
2018-02-26 00:00:00-05:00,86.48812866210938
2018-02-27 00:00:00-05:00,85.20706939697266
2018-02-28 00:00:00-05:00,84.116455078125
2018-03-01 00:00:00-05:00,83.06044006347656
2018-03-02 00:00:00-05:00,83.87409210205078
2018-03-05 00:00:00-05:00,86.20245361328125
2018-03-06 00:00:00-05:00,85.44076538085938
2018-03-07 00:00:00-05:00,85.31958770751953
2018-03-08 00:00:00-05:00,85.93412780761719
2018-03-09 00:00:00-05:00,87.22386932373047
2018-03-12 00:00:00-04:00,87.62201690673828
2018-03-13 00:00:00-04:00,86.91224670410156
2018-03-14 00:00:00-04:00,86.83433532714844
2018-03-15 00:00:00-04:00,86.9211654663086
2018-03-16 00:00:00-04:00,87.39006805419922
2018-03-19 00:00:00-04:00,86.87776184082031
2018-03-20 00:00:00-04:00,87.63322448730469
2018-03-21 00:00:00-04:00,87.33797454833984
2018-03-22 00:00:00-04:00,84.68084716796875
2018-03-23 00:00:00-04:00,82.37104034423828
2018-03-26 00:00:00-04:00,83.4999008178711
2018-03-27 00:00:00-04:00,82.21473693847656
2018-03-28 00:00:00-04:00,82.77050018310547
2018-03-29 00:00:00-04:00,83.6214599609375
2018-04-02 00:00:00-04:00,82.24078369140625
2018-04-03 00:00:00-04:00,82.49263000488281
2018-04-04 00:00:00-04:00,83.3609390258789
2018-04-05 00:00:00-04:00,84.62874603271484
2018-04-06 00:00:00-04:00,82.95283508300781
2018-04-09 00:00:00-04:00,83.3609390258789
2018-04-10 00:00:00-04:00,84.08169555664062
2018-04-11 00:00:00-04:00,83.65619659423828
2018-04-12 00:00:00-04:00,83.95143127441406
2018-04-13 00:00:00-04:00,83.5606918334961
2018-04-16 00:00:00-04:00,84.48114013671875
2018-04-17 00:00:00-04:00,84.75900268554688
2018-04-18 00:00:00-04:00,84.68954467773438
2018-04-19 00:00:00-04:00,84.28141784667969
2018-04-20 00:00:00-04:00,83.36965942382812
2018-04-23 00:00:00-04:00,83.10044860839844
2018-04-24 00:00:00-04:00,82.29290008544922
2018-04-25 00:00:00-04:00,81.71979522705078
2018-04-26 00:00:00-04:00,82.49263000488281
2018-04-27 00:00:00-04:00,82.23211669921875
2018-04-30 00:00:00-04:00,82.46656799316406
2018-05-01 00:00:00-04:00,86.53910827636719
2018-05-02 00:00:00-04:00,85.52314758300781
2018-05-03 00:00:00-04:00,86.32202911376953
2018-05-04 00:00:00-04:00,87.4074478149414
2018-05-07 00:00:00-04:00,88.75337982177734
2018-05-08 00:00:00-04:00,89.60436248779297
2018-05-09 00:00:00-04:00,90.22956848144531
2018-05-10 00:00:00-04:00,91.097900390625
2018-05-11 00:00:00-04:00,91.08050537109375
2018-05-14 00:00:00-04:00,90.91553497314453
2018-05-15 00:00:00-04:00,90.91553497314453
2018-05-16 00:00:00-04:00,91.03710174560547
2018-05-17 00:00:00-04:00,90.15142059326172
2018-05-18 00:00:00-04:00,90.41191864013672
2018-05-21 00:00:00-04:00,90.69847106933594
2018-05-22 00:00:00-04:00,89.87357330322266
2018-05-23 00:00:00-04:00,90.19483184814453
2018-05-24 00:00:00-04:00,90.1340560913086
2018-05-25 00:00:00-04:00,89.83879852294922
2018-05-29 00:00:00-04:00,88.90101623535156
2018-05-30 00:00:00-04:00,89.66515350341797
2018-05-31 00:00:00-04:00,88.76204681396484
2018-06-01 00:00:00-04:00,89.63041687011719
2018-06-04 00:00:00-04:00,90.10799407958984
2018-06-05 00:00:00-04:00,90.9676513671875
2018-06-06 00:00:00-04:00,92.8519515991211
2018-06-07 00:00:00-04:00,91.58417510986328
2018-06-08 00:00:00-04:00,92.16596221923828
2018-06-11 00:00:00-04:00,91.92282104492188
2018-06-12 00:00:00-04:00,93.06036376953125
2018-06-13 00:00:00-04:00,92.99954986572266
2018-06-14 00:00:00-04:00,93.81825256347656
2018-06-15 00:00:00-04:00,93.57440185546875
2018-06-18 00:00:00-04:00,93.42633819580078
2018-06-19 00:00:00-04:00,93.53085327148438
2018-06-20 00:00:00-04:00,93.19117736816406
2018-06-21 00:00:00-04:00,93.53085327148438
2018-06-22 00:00:00-04:00,93.73986053466797
2018-06-25 00:00:00-04:00,92.82536315917969
2018-06-26 00:00:00-04:00,92.40731048583984
2018-06-27 00:00:00-04:00,91.32737731933594
2018-06-28 00:00:00-04:00,92.06765747070312
2018-06-29 00:00:00-04:00,92.34635162353516
2018-07-02 00:00:00-04:00,92.92988586425781
2018-07-03 00:00:00-04:00,92.84281158447266
2018-07-05 00:00:00-04:00,93.66150665283203
2018-07-06 00:00:00-04:00,94.38439178466797
2018-07-09 00:00:00-04:00,94.25373840332031
2018-07-10 00:00:00-04:00,93.74859619140625
2018-07-11 00:00:00-04:00,93.82698059082031
2018-07-12 00:00:00-04:00,94.54115295410156
2018-07-13 00:00:00-04:00,94.17534637451172
2018-07-16 00:00:00-04:00,93.80084991455078
2018-07-17 00:00:00-04:00,94.35824584960938
2018-07-18 00:00:00-04:00,94.90693664550781
2018-07-19 00:00:00-04:00,94.68921661376953
2018-07-20 00:00:00-04:00,94.84598541259766
2018-07-23 00:00:00-04:00,95.22920989990234
2018-07-24 00:00:00-04:00,94.64569091796875
2018-07-25 00:00:00-04:00,95.3598403930664
2018-07-26 00:00:00-04:00,95.04629516601562
2018-07-27 00:00:00-04:00,93.57440185546875
2018-07-30 00:00:00-04:00,91.50154876708984
2018-07-31 00:00:00-04:00,89.82063293457031
2018-08-01 00:00:00-04:00,89.66386413574219
2018-08-02 00:00:00-04:00,89.94256591796875
2018-08-03 00:00:00-04:00,90.76995086669922
2018-08-06 00:00:00-04:00,91.25768280029297
2018-08-07 00:00:00-04:00,91.58866119384766
2018-08-08 00:00:00-04:00,92.20700073242188
2018-08-09 00:00:00-04:00,93.14763641357422
2018-08-10 00:00:00-04:00,93.08667755126953
2018-08-13 00:00:00-04:00,92.44217681884766
2018-08-14 00:00:00-04:00,92.92115783691406
2018-08-15 00:00:00-04:00,92.33765411376953
2018-08-16 00:00:00-04:00,92.6163558959961
2018-08-17 00:00:00-04:00,93.27825164794922
2018-08-20 00:00:00-04:00,93.6092300415039
2018-08-21 00:00:00-04:00,93.69634246826172
2018-08-22 00:00:00-04:00,94.27986145019531
2018-08-23 00:00:00-04:00,94.39308166503906
2018-08-24 00:00:00-04:00,94.81983947753906
2018-08-27 00:00:00-04:00,93.97502899169922
2018-08-28 00:00:00-04:00,93.70503997802734
2018-08-29 00:00:00-04:00,94.1143798828125
2018-08-30 00:00:00-04:00,93.80084991455078
2018-08-31 00:00:00-04:00,94.21017456054688
2018-09-04 00:00:00-04:00,93.9488754272461
2018-09-05 00:00:00-04:00,92.79054260253906
2018-09-06 00:00:00-04:00,93.71373748779297
2018-09-07 00:00:00-04:00,93.58309936523438
2018-09-10 00:00:00-04:00,94.68921661376953
2018-09-11 00:00:00-04:00,95.0724105834961
2018-09-12 00:00:00-04:00,95.3685531616211
2018-09-13 00:00:00-04:00,96.12850189208984
2018-09-14 00:00:00-04:00,96.18964385986328
2018-09-17 00:00:00-04:00,95.58692932128906
2018-09-18 00:00:00-04:00,95.87518310546875
2018-09-19 00:00:00-04:00,95.01042175292969
2018-09-20 00:00:00-04:00,95.90139770507812
2018-09-21 00:00:00-04:00,96.59144592285156
2018-09-24 00:00:00-04:00,96.02366638183594
2018-09-25 00:00:00-04:00,95.91883850097656
2018-09-26 00:00:00-04:00,95.66553497314453
2018-09-27 00:00:00-04:00,95.01042175292969
2018-09-28 00:00:00-04:00,95.27247619628906
2018-10-01 00:00:00-04:00,93.62155151367188
2018-10-02 00:00:00-04:00,93.91852569580078
2018-10-03 00:00:00-04:00,94.34654998779297
2018-10-04 00:00:00-04:00,94.01461791992188
2018-10-05 00:00:00-04:00,94.49504852294922
2018-10-08 00:00:00-04:00,93.71763610839844
2018-10-09 00:00:00-04:00,94.17185974121094
2018-10-10 00:00:00-04:00,89.82182312011719
2018-10-11 00:00:00-04:00,88.37181854248047
2018-10-12 00:00:00-04:00,89.42878723144531
2018-10-15 00:00:00-04:00,88.4155044555664
2018-10-16 00:00:00-04:00,91.5600814819336
2018-10-17 00:00:00-04:00,91.60376739501953
2018-10-18 00:00:00-04:00,90.90497589111328
2018-10-19 00:00:00-04:00,90.62545013427734
2018-10-22 00:00:00-04:00,90.79141998291016
2018-10-23 00:00:00-04:00,90.11009979248047
2018-10-24 00:00:00-04:00,87.96127319335938
2018-10-25 00:00:00-04:00,89.90045166015625
2018-10-26 00:00:00-04:00,88.54652404785156
2018-10-29 00:00:00-04:00,86.58987426757812
2018-10-30 00:00:00-04:00,90.51189422607422
2018-10-31 00:00:00-04:00,90.93119812011719
2018-11-01 00:00:00-04:00,90.80015563964844
2018-11-02 00:00:00-04:00,90.53813171386719
2018-11-05 00:00:00-05:00,90.8176040649414
2018-11-06 00:00:00-05:00,91.4290542602539
2018-11-07 00:00:00-05:00,93.76130676269531
2018-11-08 00:00:00-05:00,94.05828094482422
2018-11-09 00:00:00-05:00,93.87487030029297
2018-11-12 00:00:00-05:00,92.3200454711914
2018-11-13 00:00:00-05:00,91.54264068603516
2018-11-14 00:00:00-05:00,91.2893295288086
2018-11-15 00:00:00-05:00,93.30709075927734
2018-11-16 00:00:00-05:00,94.21553039550781
2018-11-19 00:00:00-05:00,91.14081573486328
2018-11-20 00:00:00-05:00,89.48989868164062
2018-11-21 00:00:00-05:00,90.27605438232422
2018-11-23 00:00:00-05:00,90.19744110107422
2018-11-26 00:00:00-05:00,91.18448638916016
2018-11-27 00:00:00-05:00,90.94865417480469
2018-11-28 00:00:00-05:00,94.29415130615234
2018-11-29 00:00:00-05:00,92.45979309082031
2018-11-30 00:00:00-05:00,94.29415130615234
2018-12-03 00:00:00-05:00,95.3161392211914
2018-12-04 00:00:00-05:00,92.69563293457031
2018-12-06 00:00:00-05:00,92.40738677978516
2018-12-07 00:00:00-05:00,91.3853988647461
2018-12-10 00:00:00-05:00,92.31130981445312
2018-12-11 00:00:00-05:00,92.44232940673828
2018-12-12 00:00:00-05:00,93.2372055053711
2018-12-13 00:00:00-05:00,92.73780822753906
2018-12-14 00:00:00-05:00,91.63389587402344
2018-12-17 00:00:00-05:00,89.4173355102539
2018-12-18 00:00:00-05:00,88.98799896240234
2018-12-19 00:00:00-05:00,88.5236587524414
2018-12-20 00:00:00-05:00,86.85901641845703
2018-12-21 00:00:00-05:00,85.72882080078125
2018-12-24 00:00:00-05:00,83.95905303955078
2018-12-26 00:00:00-05:00,87.11308288574219
2018-12-27 00:00:00-05:00,88.33092498779297
2018-12-28 00:00:00-05:00,88.32215118408203
2018-12-31 00:00:00-05:00,89.84661865234375
2019-01-02 00:00:00-05:00,88.86534881591797
2019-01-03 00:00:00-05:00,86.13182830810547
2019-01-04 00:00:00-05:00,89.1719970703125
2019-01-07 00:00:00-05:00,89.73270416259766
2019-01-08 00:00:00-05:00,90.40731811523438
2019-01-09 00:00:00-05:00,89.97803497314453
2019-01-10 00:00:00-05:00,90.96807098388672
2019-01-11 00:00:00-05:00,90.70520782470703
2019-01-14 00:00:00-05:00,90.8191146850586
2019-01-15 00:00:00-05:00,91.7390365600586
2019-01-16 00:00:00-05:00,90.82787322998047
2019-01-17 00:00:00-05:00,91.30097198486328
2019-01-18 00:00:00-05:00,92.72906494140625
2019-01-22 00:00:00-05:00,92.29098510742188
2019-01-23 00:00:00-05:00,92.77284240722656
2019-01-24 00:00:00-05:00,92.13330078125
2019-01-25 00:00:00-05:00,92.3698501586914
2019-01-28 00:00:00-05:00,91.37109375
2019-01-29 00:00:00-05:00,90.7577896118164
2019-01-30 00:00:00-05:00,92.4487075805664
2019-01-31 00:00:00-05:00,91.58132934570312
2019-02-01 00:00:00-05:00,93.92057800292969
2019-02-04 00:00:00-05:00,95.47134399414062
2019-02-05 00:00:00-05:00,96.28614044189453
2019-02-06 00:00:00-05:00,96.11089324951172
2019-02-07 00:00:00-05:00,95.20851135253906
2019-02-08 00:00:00-05:00,95.49759674072266
2019-02-11 00:00:00-05:00,95.5852279663086
2019-02-12 00:00:00-05:00,93.35110473632812
2019-02-13 00:00:00-05:00,93.5613784790039
2019-02-14 00:00:00-05:00,93.13204956054688
2019-02-15 00:00:00-05:00,95.43628692626953
2019-02-19 00:00:00-05:00,95.24354553222656
2019-02-20 00:00:00-05:00,93.79791259765625
2019-02-21 00:00:00-05:00,93.85047149658203
2019-02-22 00:00:00-05:00,93.8241958618164
2019-02-25 00:00:00-05:00,93.5613784790039
2019-02-26 00:00:00-05:00,93.57891845703125
2019-02-27 00:00:00-05:00,93.92935180664062
2019-02-28 00:00:00-05:00,94.75289154052734
2019-03-01 00:00:00-05:00,94.96316528320312
2019-03-04 00:00:00-05:00,94.0257339477539
2019-03-05 00:00:00-05:00,93.64897155761719
2019-03-06 00:00:00-05:00,93.3949203491211
2019-03-07 00:00:00-05:00,92.56258392333984
2019-03-08 00:00:00-05:00,92.61515045166016
2019-03-11 00:00:00-04:00,93.78040313720703
2019-03-12 00:00:00-04:00,94.06953430175781
2019-03-13 00:00:00-04:00,94.2710189819336
2019-03-14 00:00:00-04:00,94.73690032958984
2019-03-15 00:00:00-04:00,95.70378112792969
2019-03-18 00:00:00-04:00,95.03577423095703
2019-03-19 00:00:00-04:00,93.6996841430664
2019-03-20 00:00:00-04:00,93.83153533935547
2019-03-21 00:00:00-04:00,96.82888793945312
2019-03-22 00:00:00-04:00,97.04862976074219
2019-03-25 00:00:00-04:00,95.29945373535156
2019-03-26 00:00:00-04:00,96.60914611816406
2019-03-27 00:00:00-04:00,96.66187286376953
2019-03-28 00:00:00-04:00,97.72544860839844
2019-03-29 00:00:00-04:00,99.4130859375
2019-04-01 00:00:00-04:00,100.01079559326172
2019-04-02 00:00:00-04:00,100.30963897705078
2019-04-03 00:00:00-04:00,101.02164459228516
2019-04-04 00:00:00-04:00,100.23053741455078
2019-04-05 00:00:00-04:00,99.66799926757812
2019-04-08 00:00:00-04:00,99.89654541015625
2019-04-09 00:00:00-04:00,99.99323272705078
2019-04-10 00:00:00-04:00,98.78024291992188
2019-04-11 00:00:00-04:00,99.23728942871094
2019-04-12 00:00:00-04:00,99.46582794189453
2019-04-15 00:00:00-04:00,99.44825744628906
2019-04-16 00:00:00-04:00,98.0770263671875
2019-04-17 00:00:00-04:00,97.65510559082031
2019-04-18 00:00:00-04:00,97.47053527832031
2019-04-22 00:00:00-04:00,98.63078308105469
2019-04-23 00:00:00-04:00,99.14940643310547
2019-04-24 00:00:00-04:00,98.48137664794922
2019-04-25 00:00:00-04:00,98.05067443847656
2019-04-26 00:00:00-04:00,97.47931671142578
2019-04-29 00:00:00-04:00,98.04190063476562
2019-04-30 00:00:00-04:00,101.90062713623047
2019-05-01 00:00:00-04:00,101.27655792236328
2019-05-02 00:00:00-04:00,103.54429626464844
2019-05-03 00:00:00-04:00,103.50917053222656
2019-05-06 00:00:00-04:00,103.1224136352539
2019-05-07 00:00:00-04:00,101.86547088623047
2019-05-08 00:00:00-04:00,102.085205078125
2019-05-09 00:00:00-04:00,101.84786987304688
2019-05-10 00:00:00-04:00,102.59500885009766
2019-05-13 00:00:00-04:00,101.47870635986328
2019-05-14 00:00:00-04:00,102.77079772949219
2019-05-15 00:00:00-04:00,103.06088256835938
2019-05-16 00:00:00-04:00,104.6869888305664
2019-05-17 00:00:00-04:00,104.36177062988281
2019-05-20 00:00:00-04:00,104.00139617919922
2019-05-21 00:00:00-04:00,105.83848571777344
2019-05-22 00:00:00-04:00,106.35708618164062
2019-05-23 00:00:00-04:00,105.83848571777344
2019-05-24 00:00:00-04:00,104.37057495117188
2019-05-28 00:00:00-04:00,104.90675354003906
2019-05-29 00:00:00-04:00,104.66062927246094
2019-05-30 00:00:00-04:00,105.08253479003906
2019-05-31 00:00:00-04:00,105.74177551269531
2019-06-03 00:00:00-04:00,102.46318054199219
2019-06-04 00:00:00-04:00,105.68905639648438
2019-06-05 00:00:00-04:00,107.05146026611328
2019-06-06 00:00:00-04:00,106.85810089111328
2019-06-07 00:00:00-04:00,107.71070098876953
2019-06-10 00:00:00-04:00,107.4909439086914
2019-06-11 00:00:00-04:00,106.96358489990234
2019-06-12 00:00:00-04:00,106.31310272216797
2019-06-13 00:00:00-04:00,106.52468872070312
2019-06-14 00:00:00-04:00,107.01835632324219
2019-06-17 00:00:00-04:00,107.13294982910156
2019-06-18 00:00:00-04:00,108.09384155273438
2019-06-19 00:00:00-04:00,108.6844482421875
2019-06-20 00:00:00-04:00,109.20455169677734
2019-06-21 00:00:00-04:00,108.16434478759766
2019-06-24 00:00:00-04:00,106.85965728759766
2019-06-25 00:00:00-04:00,106.89492797851562
2019-06-26 00:00:00-04:00,106.90373992919922
2019-06-27 00:00:00-04:00,106.9654541015625
2019-06-28 00:00:00-04:00,108.14669799804688
2019-07-01 00:00:00-04:00,109.81283569335938
2019-07-02 00:00:00-04:00,110.11255645751953
2019-07-03 00:00:00-04:00,111.61994934082031
2019-07-05 00:00:00-04:00,111.77864074707031
2019-07-08 00:00:00-04:00,111.80509185791016
2019-07-09 00:00:00-04:00,111.9549331665039
2019-07-10 00:00:00-04:00,111.8844223022461
2019-07-11 00:00:00-04:00,112.67779541015625
2019-07-12 00:00:00-04:00,114.03536987304688
2019-07-15 00:00:00-04:00,114.91690826416016
2019-07-16 00:00:00-04:00,114.34391021728516
2019-07-17 00:00:00-04:00,115.12847900390625
2019-07-18 00:00:00-04:00,115.77201080322266
2019-07-19 00:00:00-04:00,114.37035369873047
2019-07-22 00:00:00-04:00,115.56044006347656
2019-07-23 00:00:00-04:00,115.53395080566406
2019-07-24 00:00:00-04:00,114.70531463623047
2019-07-25 00:00:00-04:00,116.7857437133789
2019-07-26 00:00:00-04:00,119.54495239257812
2019-07-29 00:00:00-04:00,120.51464080810547
2019-07-30 00:00:00-04:00,117.8524169921875
2019-07-31 00:00:00-04:00,117.46455383300781
2019-08-01 00:00:00-04:00,115.66621398925781
2019-08-02 00:00:00-04:00,114.74059295654297
2019-08-05 00:00:00-04:00,111.02934265136719
2019-08-06 00:00:00-04:00,115.4105453491211
2019-08-07 00:00:00-04:00,118.54877471923828
2019-08-08 00:00:00-04:00,120.23255920410156
2019-08-09 00:00:00-04:00,120.32953643798828
2019-08-12 00:00:00-04:00,116.77694702148438
2019-08-13 00:00:00-04:00,118.87501525878906
2019-08-14 00:00:00-04:00,115.1989974975586
2019-08-15 00:00:00-04:00,118.95435333251953
2019-08-16 00:00:00-04:00,121.92512512207031
2019-08-19 00:00:00-04:00,122.4363784790039
2019-08-20 00:00:00-04:00,123.07987976074219
2019-08-21 00:00:00-04:00,121.82813262939453
2019-08-22 00:00:00-04:00,121.62540435791016
2019-08-23 00:00:00-04:00,118.5400619506836
2019-08-26 00:00:00-04:00,119.58023834228516
2019-08-27 00:00:00-04:00,120.53227996826172
2019-08-28 00:00:00-04:00,120.77910614013672
2019-08-29 00:00:00-04:00,121.06121063232422
2019-08-30 00:00:00-04:00,120.08269500732422
2019-09-03 00:00:00-04:00,120.39125061035156
2019-09-04 00:00:00-04:00,121.40501403808594
2019-09-05 00:00:00-04:00,122.57743072509766
2019-09-06 00:00:00-04:00,121.36092376708984
2019-09-09 00:00:00-04:00,117.98464965820312
2019-09-10 00:00:00-04:00,115.7984390258789
2019-09-11 00:00:00-04:00,115.73674774169922
2019-09-12 00:00:00-04:00,117.94644927978516
2019-09-13 00:00:00-04:00,115.68370056152344
2019-09-16 00:00:00-04:00,117.6105728149414
2019-09-17 00:00:00-04:00,118.80384826660156
2019-09-18 00:00:00-04:00,117.4603271484375
2019-09-19 00:00:00-04:00,118.35305786132812
2019-09-20 00:00:00-04:00,116.5057373046875
2019-09-23 00:00:00-04:00,116.24939727783203
2019-09-24 00:00:00-04:00,117.46915435791016
2019-09-25 00:00:00-04:00,118.0260238647461
2019-09-26 00:00:00-04:00,117.92878723144531
2019-09-27 00:00:00-04:00,115.50691223144531
2019-09-30 00:00:00-04:00,117.34539794921875
2019-10-01 00:00:00-04:00,116.01957702636719
2019-10-02 00:00:00-04:00,114.35785675048828
2019-10-03 00:00:00-04:00,114.79981231689453
2019-10-04 00:00:00-04:00,116.15216064453125
2019-10-07 00:00:00-04:00,115.40970611572266
2019-10-08 00:00:00-04:00,114.49043273925781
2019-10-09 00:00:00-04:00,116.34661102294922
2019-10-10 00:00:00-04:00,116.2670669555664
2019-10-11 00:00:00-04:00,116.7001724243164
2019-10-14 00:00:00-04:00,117.32772064208984
2019-10-15 00:00:00-04:00,117.38961029052734
2019-10-16 00:00:00-04:00,116.46150970458984
2019-10-17 00:00:00-04:00,115.3743667602539
2019-10-18 00:00:00-04:00,113.42976379394531
2019-10-21 00:00:00-04:00,113.8717269897461
2019-10-22 00:00:00-04:00,110.87532806396484
2019-10-23 00:00:00-04:00,112.22769165039062
2019-10-24 00:00:00-04:00,114.20761108398438
2019-10-25 00:00:00-04:00,114.30484771728516
2019-10-28 00:00:00-04:00,115.10032653808594
2019-10-29 00:00:00-04:00,115.55995178222656
2019-10-30 00:00:00-04:00,116.6383056640625
2019-10-31 00:00:00-04:00,116.46150970458984
2019-11-01 00:00:00-04:00,118.57403564453125
2019-11-04 00:00:00-05:00,115.78975677490234
2019-11-05 00:00:00-05:00,116.84162902832031
2019-11-06 00:00:00-05:00,115.69255065917969
2019-11-07 00:00:00-05:00,116.98301696777344
2019-11-08 00:00:00-05:00,115.51576232910156
2019-11-11 00:00:00-05:00,116.99185180664062
2019-11-12 00:00:00-05:00,117.22164916992188
2019-11-13 00:00:00-05:00,118.2823486328125
2019-11-14 00:00:00-05:00,119.76727294921875
2019-11-15 00:00:00-05:00,120.05014038085938
2019-11-18 00:00:00-05:00,121.1284408569336
2019-11-19 00:00:00-05:00,121.67647552490234
2019-11-20 00:00:00-05:00,121.50857543945312
2019-11-21 00:00:00-05:00,120.62467193603516
2019-11-22 00:00:00-05:00,119.73191833496094
2019-11-25 00:00:00-05:00,120.98709869384766
2019-11-26 00:00:00-05:00,121.5704116821289
2019-11-27 00:00:00-05:00,122.35709381103516
2019-11-29 00:00:00-05:00,122.10954284667969
2019-12-02 00:00:00-05:00,119.97943115234375
2019-12-03 00:00:00-05:00,120.40367126464844
2019-12-04 00:00:00-05:00,119.97943115234375
2019-12-05 00:00:00-05:00,121.03121948242188
2019-12-06 00:00:00-05:00,122.48966217041016
2019-12-09 00:00:00-05:00,121.05773162841797
2019-12-10 00:00:00-05:00,119.79377746582031
2019-12-11 00:00:00-05:00,119.76727294921875
2019-12-12 00:00:00-05:00,121.16744232177734
2019-12-13 00:00:00-05:00,122.46124267578125
2019-12-16 00:00:00-05:00,121.41558837890625
2019-12-17 00:00:00-05:00,122.1688461303711
2019-12-18 00:00:00-05:00,122.03592681884766
2019-12-19 00:00:00-05:00,122.36377716064453
2019-12-20 00:00:00-05:00,123.00184631347656
2019-12-23 00:00:00-05:00,122.47899627685547
2019-12-24 00:00:00-05:00,122.18653869628906
2019-12-26 00:00:00-05:00,122.91320037841797
2019-12-27 00:00:00-05:00,123.84369659423828
2019-12-30 00:00:00-05:00,122.8246078491211
2019-12-31 00:00:00-05:00,123.25884246826172
2020-01-02 00:00:00-05:00,123.9766616821289
2020-01-03 00:00:00-05:00,123.1968002319336
2020-01-06 00:00:00-05:00,124.37543487548828
2020-01-07 00:00:00-05:00,122.46124267578125
2020-01-08 00:00:00-05:00,124.26021575927734
2020-01-09 00:00:00-05:00,126.65289306640625
2020-01-10 00:00:00-05:00,125.78443908691406
2020-01-13 00:00:00-05:00,126.4845199584961
2020-01-14 00:00:00-05:00,126.23637390136719
2020-01-15 00:00:00-05:00,128.03536987304688
2020-01-16 00:00:00-05:00,129.5950164794922
2020-01-17 00:00:00-05:00,130.34823608398438
2020-01-21 00:00:00-05:00,130.81797790527344
2020-01-22 00:00:00-05:00,131.6775360107422
2020-01-23 00:00:00-05:00,132.0496826171875
2020-01-24 00:00:00-05:00,131.0838165283203
2020-01-27 00:00:00-05:00,129.72792053222656
2020-01-28 00:00:00-05:00,131.11924743652344
2020-01-29 00:00:00-05:00,131.2344207763672
2020-01-30 00:00:00-05:00,130.71160888671875
2020-01-31 00:00:00-05:00,127.30868530273438
2020-02-03 00:00:00-05:00,129.1607666015625
2020-02-04 00:00:00-05:00,130.6407012939453
2020-02-05 00:00:00-05:00,129.4886474609375
2020-02-06 00:00:00-05:00,130.5697784423828
2020-02-07 00:00:00-05:00,129.7899627685547
2020-02-10 00:00:00-05:00,132.90933227539062
2020-02-11 00:00:00-05:00,132.4927978515625
2020-02-12 00:00:00-05:00,131.11924743652344
2020-02-13 00:00:00-05:00,136.75534057617188
2020-02-14 00:00:00-05:00,139.52024841308594
2020-02-18 00:00:00-05:00,137.93397521972656
2020-02-19 00:00:00-05:00,139.38729858398438
2020-02-20 00:00:00-05:00,138.9353485107422
2020-02-21 00:00:00-05:00,137.29586791992188
2020-02-24 00:00:00-05:00,133.56507873535156
2020-02-25 00:00:00-05:00,128.19483947753906
2020-02-26 00:00:00-05:00,127.5213623046875
2020-02-27 00:00:00-05:00,123.06385040283203
2020-02-28 00:00:00-05:00,123.81710052490234
2020-03-02 00:00:00-05:00,131.6952667236328
2020-03-03 00:00:00-05:00,126.80352020263672
2020-03-04 00:00:00-05:00,132.86497497558594
2020-03-05 00:00:00-05:00,126.50222778320312
2020-03-06 00:00:00-05:00,123.9854965209961
2020-03-09 00:00:00-04:00,115.23887634277344
2020-03-10 00:00:00-04:00,124.86280059814453
2020-03-11 00:00:00-04:00,117.8265609741211
2020-03-12 00:00:00-04:00,105.25399780273438
2020-03-13 00:00:00-04:00,115.41864776611328
2020-03-16 00:00:00-04:00,96.27107238769531
2020-03-17 00:00:00-04:00,101.25566101074219
2020-03-18 00:00:00-04:00,91.46417999267578
2020-03-19 00:00:00-04:00,93.49888610839844
2020-03-20 00:00:00-04:00,91.35755920410156
2020-03-23 00:00:00-04:00,91.02880096435547
2020-03-24 00:00:00-04:00,105.87596130371094
2020-03-25 00:00:00-04:00,106.95108032226562
2020-03-26 00:00:00-04:00,109.85650634765625
2020-03-27 00:00:00-04:00,106.71115112304688
2020-03-30 00:00:00-04:00,111.32257080078125
2020-03-31 00:00:00-04:00,108.07948303222656
2020-04-01 00:00:00-04:00,101.78876495361328
2020-04-02 00:00:00-04:00,104.05449676513672
2020-04-03 00:00:00-04:00,102.37519073486328
2020-04-06 00:00:00-04:00,109.30565643310547
2020-04-07 00:00:00-04:00,106.74669647216797
2020-04-08 00:00:00-04:00,110.86055755615234
2020-04-09 00:00:00-04:00,111.17153930664062
2020-04-13 00:00:00-04:00,109.82096862792969
2020-04-14 00:00:00-04:00,109.98981475830078
2020-04-15 00:00:00-04:00,106.76446533203125
2020-04-16 00:00:00-04:00,109.27898406982422
2020-04-17 00:00:00-04:00,113.6949234008789
2020-04-20 00:00:00-04:00,108.95024108886719
2020-04-21 00:00:00-04:00,104.3743667602539
2020-04-22 00:00:00-04:00,108.8880386352539
2020-04-23 00:00:00-04:00,107.6707763671875
2020-04-24 00:00:00-04:00,111.71353149414062
2020-04-27 00:00:00-04:00,113.41060638427734
2020-04-28 00:00:00-04:00,114.73448944091797
2020-04-29 00:00:00-04:00,119.31925201416016
2020-04-30 00:00:00-04:00,117.18682098388672
2020-05-01 00:00:00-04:00,114.87665557861328
2020-05-04 00:00:00-04:00,114.24580383300781
2020-05-05 00:00:00-04:00,117.24011993408203
2020-05-06 00:00:00-04:00,117.2045669555664
2020-05-07 00:00:00-04:00,115.00994110107422
2020-05-08 00:00:00-04:00,113.934814453125
2020-05-11 00:00:00-04:00,113.94371032714844
2020-05-12 00:00:00-04:00,113.6505126953125
2020-05-13 00:00:00-04:00,113.27732849121094
2020-05-14 00:00:00-04:00,115.30313873291016
2020-05-15 00:00:00-04:00,117.48001098632812
2020-05-18 00:00:00-04:00,121.14071655273438
2020-05-19 00:00:00-04:00,120.34105682373047
2020-05-20 00:00:00-04:00,122.71341705322266
2020-05-21 00:00:00-04:00,121.28289794921875
2020-05-22 00:00:00-04:00,120.98078918457031
2020-05-26 00:00:00-04:00,121.37176513671875
2020-05-27 00:00:00-04:00,122.642333984375
2020-05-28 00:00:00-04:00,122.94441986083984
2020-05-29 00:00:00-04:00,123.35314178466797
2020-06-01 00:00:00-04:00,123.38867950439453
2020-06-02 00:00:00-04:00,123.46862030029297
2020-06-03 00:00:00-04:00,124.01063537597656
2020-06-04 00:00:00-04:00,121.0785140991211
2020-06-05 00:00:00-04:00,127.12045288085938
2020-06-08 00:00:00-04:00,126.6761703491211
2020-06-09 00:00:00-04:00,125.6099624633789
2020-06-10 00:00:00-04:00,125.47667694091797
2020-06-11 00:00:00-04:00,119.56227111816406
2020-06-12 00:00:00-04:00,122.1008529663086
2020-06-15 00:00:00-04:00,122.4215087890625
2020-06-16 00:00:00-04:00,125.21837615966797
2020-06-17 00:00:00-04:00,123.44580841064453
2020-06-18 00:00:00-04:00,124.65721893310547
2020-06-19 00:00:00-04:00,120.24810791015625
2020-06-22 00:00:00-04:00,123.7665023803711
2020-06-23 00:00:00-04:00,122.88470458984375
2020-06-24 00:00:00-04:00,117.84317016601562
2020-06-25 00:00:00-04:00,118.71607971191406
2020-06-26 00:00:00-04:00,116.24874877929688
2020-06-29 00:00:00-04:00,116.83665466308594
2020-06-30 00:00:00-04:00,119.43756103515625
2020-07-01 00:00:00-04:00,121.90487670898438
2020-07-02 00:00:00-04:00,121.8336410522461
2020-07-06 00:00:00-04:00,122.50165557861328
2020-07-07 00:00:00-04:00,121.58424377441406
2020-07-08 00:00:00-04:00,121.85145568847656
2020-07-09 00:00:00-04:00,120.95181274414062
2020-07-10 00:00:00-04:00,121.9227066040039
2020-07-13 00:00:00-04:00,120.6756591796875
2020-07-14 00:00:00-04:00,121.51293182373047
2020-07-15 00:00:00-04:00,125.08476257324219
2020-07-16 00:00:00-04:00,123.67745208740234
2020-07-17 00:00:00-04:00,125.12039947509766
2020-07-20 00:00:00-04:00,126.0824203491211
2020-07-21 00:00:00-04:00,127.73023986816406
2020-07-22 00:00:00-04:00,128.95053100585938
2020-07-23 00:00:00-04:00,129.14649963378906
2020-07-24 00:00:00-04:00,127.99745178222656
2020-07-27 00:00:00-04:00,127.76588439941406
2020-07-28 00:00:00-04:00,127.04438018798828
2020-07-29 00:00:00-04:00,128.9148712158203
2020-07-30 00:00:00-04:00,129.33355712890625
2020-07-31 00:00:00-04:00,130.32223510742188
2020-08-03 00:00:00-04:00,132.65594482421875
2020-08-04 00:00:00-04:00,131.114990234375
2020-08-05 00:00:00-04:00,130.49148559570312
2020-08-06 00:00:00-04:00,130.9368438720703
2020-08-07 00:00:00-04:00,131.631591796875
2020-08-10 00:00:00-04:00,130.18862915039062
2020-08-11 00:00:00-04:00,127.41845703125
2020-08-12 00:00:00-04:00,128.1043243408203
2020-08-13 00:00:00-04:00,129.33355712890625
2020-08-14 00:00:00-04:00,128.1577911376953
2020-08-17 00:00:00-04:00,128.50515747070312
2020-08-18 00:00:00-04:00,128.09542846679688
2020-08-19 00:00:00-04:00,127.02652740478516
2020-08-20 00:00:00-04:00,125.80624389648438
2020-08-21 00:00:00-04:00,126.30509948730469
2020-08-24 00:00:00-04:00,126.18929290771484
2020-08-25 00:00:00-04:00,129.48495483398438
2020-08-26 00:00:00-04:00,131.72959899902344
2020-08-27 00:00:00-04:00,134.6779022216797
2020-08-28 00:00:00-04:00,135.80914306640625
2020-08-31 00:00:00-04:00,134.3661346435547
2020-09-01 00:00:00-04:00,135.70223999023438
2020-09-02 00:00:00-04:00,138.73960876464844
2020-09-03 00:00:00-04:00,134.41065979003906
2020-09-04 00:00:00-04:00,131.82760620117188
2020-09-08 00:00:00-04:00,129.77891540527344
2020-09-09 00:00:00-04:00,132.27294921875
2020-09-10 00:00:00-04:00,130.22837829589844
2020-09-11 00:00:00-04:00,128.77305603027344
2020-09-14 00:00:00-04:00,130.55868530273438
2020-09-15 00:00:00-04:00,132.58544921875
2020-09-16 00:00:00-04:00,132.7371826171875
2020-09-17 00:00:00-04:00,132.86221313476562
2020-09-18 00:00:00-04:00,130.93368530273438
2020-09-21 00:00:00-04:00,128.58554077148438
2020-09-22 00:00:00-04:00,130.5229949951172
2020-09-23 00:00:00-04:00,128.21951293945312
2020-09-24 00:00:00-04:00,128.75518798828125
2020-09-25 00:00:00-04:00,130.3533477783203
2020-09-28 00:00:00-04:00,132.07650756835938
2020-09-29 00:00:00-04:00,132.85328674316406
2020-09-30 00:00:00-04:00,131.4336700439453
2020-10-01 00:00:00-04:00,131.13011169433594
2020-10-02 00:00:00-04:00,129.5944366455078
2020-10-05 00:00:00-04:00,129.96945190429688
2020-10-06 00:00:00-04:00,128.89804077148438
2020-10-07 00:00:00-04:00,129.10337829589844
2020-10-08 00:00:00-04:00,130.88905334472656
2020-10-09 00:00:00-04:00,133.05860900878906
2020-10-12 00:00:00-04:00,133.2014923095703
2020-10-13 00:00:00-04:00,130.317626953125
2020-10-14 00:00:00-04:00,128.6302032470703
2020-10-15 00:00:00-04:00,128.46055603027344
2020-10-16 00:00:00-04:00,128.46055603027344
2020-10-19 00:00:00-04:00,124.79996490478516
2020-10-20 00:00:00-04:00,125.62135314941406
2020-10-21 00:00:00-04:00,126.25525665283203
2020-10-22 00:00:00-04:00,127.42486572265625
2020-10-23 00:00:00-04:00,128.92478942871094
2020-10-26 00:00:00-04:00,124.47848510742188
2020-10-27 00:00:00-04:00,123.085693359375
2020-10-28 00:00:00-04:00,118.30904388427734
2020-10-29 00:00:00-04:00,111.62177276611328
2020-10-30 00:00:00-04:00,111.23784637451172
2020-11-02 00:00:00-05:00,110.68428802490234
2020-11-03 00:00:00-05:00,114.71988677978516
2020-11-04 00:00:00-05:00,118.56800079345703
2020-11-05 00:00:00-05:00,118.38046264648438
2020-11-06 00:00:00-05:00,118.87154388427734
2020-11-09 00:00:00-05:00,126.50529479980469
2020-11-10 00:00:00-05:00,128.8891143798828
2020-11-11 00:00:00-05:00,128.16592407226562
2020-11-12 00:00:00-05:00,126.93378448486328
2020-11-13 00:00:00-05:00,129.2105255126953
2020-11-16 00:00:00-05:00,132.04083251953125
2020-11-17 00:00:00-05:00,131.21942138671875
2020-11-18 00:00:00-05:00,129.43374633789062
2020-11-19 00:00:00-05:00,131.87118530273438
2020-11-20 00:00:00-05:00,128.719482421875
2020-11-23 00:00:00-05:00,129.74620056152344
2020-11-24 00:00:00-05:00,132.96043395996094
2020-11-25 00:00:00-05:00,132.1122283935547
2020-11-27 00:00:00-05:00,132.3889923095703
2020-11-30 00:00:00-05:00,132.50506591796875
2020-12-01 00:00:00-05:00,134.2639617919922
2020-12-02 00:00:00-05:00,132.66578674316406
2020-12-03 00:00:00-05:00,131.49618530273438
2020-12-04 00:00:00-05:00,133.79969787597656
2020-12-07 00:00:00-05:00,134.4246826171875
2020-12-08 00:00:00-05:00,134.97817993164062
2020-12-09 00:00:00-05:00,131.93365478515625
2020-12-10 00:00:00-05:00,131.6658172607422
2020-12-11 00:00:00-05:00,132.2922821044922
2020-12-14 00:00:00-05:00,129.07041931152344
2020-12-15 00:00:00-05:00,129.8490447998047
2020-12-16 00:00:00-05:00,128.5155487060547
2020-12-17 00:00:00-05:00,130.63662719726562
2020-12-18 00:00:00-05:00,129.96542358398438
2020-12-21 00:00:00-05:00,125.21318817138672
2020-12-22 00:00:00-05:00,120.64889526367188
2020-12-23 00:00:00-05:00,120.5594253540039
2020-12-24 00:00:00-05:00,126.00072479248047
2020-12-28 00:00:00-05:00,125.54431915283203
2020-12-29 00:00:00-05:00,126.44821166992188
2020-12-30 00:00:00-05:00,124.87306213378906
2020-12-31 00:00:00-05:00,126.6003646850586
2021-01-04 00:00:00-05:00,125.21318817138672
2021-01-05 00:00:00-05:00,122.32244110107422
2021-01-06 00:00:00-05:00,123.49490356445312
2021-01-07 00:00:00-05:00,121.50806427001953
2021-01-08 00:00:00-05:00,124.09449005126953
2021-01-11 00:00:00-05:00,121.76762390136719
2021-01-12 00:00:00-05:00,119.59285736083984
2021-01-13 00:00:00-05:00,117.18543243408203
2021-01-14 00:00:00-05:00,115.61927032470703
2021-01-15 00:00:00-05:00,116.10250854492188
2021-01-19 00:00:00-05:00,114.60796356201172
2021-01-20 00:00:00-05:00,117.3196792602539
2021-01-21 00:00:00-05:00,119.56599426269531
2021-01-22 00:00:00-05:00,115.52081298828125
2021-01-25 00:00:00-05:00,114.38420867919922
2021-01-26 00:00:00-05:00,114.69747161865234
2021-01-27 00:00:00-05:00,109.65885162353516
2021-01-28 00:00:00-05:00,112.15577697753906
2021-01-29 00:00:00-05:00,110.49118041992188
2021-02-01 00:00:00-05:00,115.6550521850586
2021-02-02 00:00:00-05:00,118.42047119140625
2021-02-03 00:00:00-05:00,117.74925994873047
2021-02-04 00:00:00-05:00,118.8321762084961
2021-02-05 00:00:00-05:00,118.33992767333984
2021-02-08 00:00:00-05:00,119.41388702392578
2021-02-09 00:00:00-05:00,118.91266632080078
2021-02-10 00:00:00-05:00,119.35120391845703
2021-02-11 00:00:00-05:00,120.95323181152344
2021-02-12 00:00:00-05:00,121.35589599609375
2021-02-16 00:00:00-05:00,119.12749481201172
2021-02-17 00:00:00-05:00,119.02011108398438
2021-02-18 00:00:00-05:00,120.15666961669922
2021-02-19 00:00:00-05:00,117.23019409179688
2021-02-22 00:00:00-05:00,121.29328155517578
2021-02-23 00:00:00-05:00,122.35826873779297
2021-02-24 00:00:00-05:00,124.79258728027344
2021-02-25 00:00:00-05:00,124.228759765625
2021-02-26 00:00:00-05:00,123.50379180908203
2021-03-01 00:00:00-05:00,124.93576049804688
2021-03-02 00:00:00-05:00,124.33611297607422
2021-03-03 00:00:00-05:00,124.33611297607422
2021-03-04 00:00:00-05:00,122.54621124267578
2021-03-05 00:00:00-05:00,126.31400299072266
2021-03-08 00:00:00-05:00,129.33895874023438
2021-03-09 00:00:00-05:00,127.8354263305664
2021-03-10 00:00:00-05:00,130.23388671875
2021-03-11 00:00:00-05:00,130.17108154296875
2021-03-12 00:00:00-05:00,131.27484130859375
2021-03-15 00:00:00-04:00,130.79025268554688
2021-03-16 00:00:00-04:00,130.87100219726562
2021-03-17 00:00:00-04:00,130.04544067382812
2021-03-18 00:00:00-04:00,128.6993865966797
2021-03-19 00:00:00-04:00,127.19184875488281
2021-03-22 00:00:00-04:00,126.6893310546875
2021-03-23 00:00:00-04:00,127.45207214355469
2021-03-24 00:00:00-04:00,128.68145751953125
2021-03-25 00:00:00-04:00,128.1610107421875
2021-03-26 00:00:00-04:00,131.39146423339844
2021-03-29 00:00:00-04:00,129.1929473876953
2021-03-30 00:00:00-04:00,127.8828125
2021-03-31 00:00:00-04:00,126.17781066894531
2021-04-01 00:00:00-04:00,129.26473999023438
2021-04-05 00:00:00-04:00,131.07742309570312
2021-04-06 00:00:00-04:00,130.54794311523438
2021-04-07 00:00:00-04:00,131.8042755126953
2021-04-08 00:00:00-04:00,133.5989532470703
2021-04-09 00:00:00-04:00,134.54119873046875
2021-04-12 00:00:00-04:00,134.6668701171875
2021-04-13 00:00:00-04:00,134.72964477539062
2021-04-14 00:00:00-04:00,134.59506225585938
2021-04-15 00:00:00-04:00,137.08071899414062
2021-04-16 00:00:00-04:00,136.9551239013672
2021-04-19 00:00:00-04:00,136.59620666503906
2021-04-20 00:00:00-04:00,136.2012939453125
2021-04-21 00:00:00-04:00,136.79359436035156
2021-04-22 00:00:00-04:00,136.87432861328125
2021-04-23 00:00:00-04:00,137.30506896972656
2021-04-26 00:00:00-04:00,138.0498809814453
2021-04-27 00:00:00-04:00,137.12564086914062
2021-04-28 00:00:00-04:00,138.5792999267578
2021-04-29 00:00:00-04:00,139.7100372314453
2021-04-30 00:00:00-04:00,137.20632934570312
2021-05-03 00:00:00-04:00,136.30001831054688
2021-05-04 00:00:00-04:00,135.01683044433594
2021-05-05 00:00:00-04:00,133.11441040039062
2021-05-06 00:00:00-04:00,136.2193145751953
2021-05-07 00:00:00-04:00,136.0308380126953
2021-05-10 00:00:00-04:00,134.1194610595703
2021-05-11 00:00:00-04:00,132.84519958496094
2021-05-12 00:00:00-04:00,129.9287872314453
2021-05-13 00:00:00-04:00,133.3028564453125
2021-05-14 00:00:00-04:00,134.60400390625
2021-05-17 00:00:00-04:00,133.6617889404297
2021-05-18 00:00:00-04:00,132.99777221679688
2021-05-19 00:00:00-04:00,132.42344665527344
2021-05-20 00:00:00-04:00,134.4425048828125
2021-05-21 00:00:00-04:00,134.93605041503906
2021-05-24 00:00:00-04:00,135.53729248046875
2021-05-25 00:00:00-04:00,135.2770538330078
2021-05-26 00:00:00-04:00,133.65283203125
2021-05-27 00:00:00-04:00,134.42457580566406
2021-05-28 00:00:00-04:00,133.688720703125
2021-06-01 00:00:00-04:00,133.19515991210938
2021-06-02 00:00:00-04:00,133.87716674804688
2021-06-03 00:00:00-04:00,131.43637084960938
2021-06-04 00:00:00-04:00,131.7863311767578
2021-06-07 00:00:00-04:00,128.798095703125
2021-06-08 00:00:00-04:00,129.69549560546875
2021-06-09 00:00:00-04:00,130.23390197753906
2021-06-10 00:00:00-04:00,130.80975341796875
2021-06-11 00:00:00-04:00,131.05267333984375
2021-06-14 00:00:00-04:00,131.81753540039062
2021-06-15 00:00:00-04:00,131.34957885742188
2021-06-16 00:00:00-04:00,129.94595336914062
2021-06-17 00:00:00-04:00,131.25062561035156
2021-06-18 00:00:00-04:00,129.40611267089844
2021-06-21 00:00:00-04:00,130.980712890625
2021-06-22 00:00:00-04:00,131.3046112060547
2021-06-23 00:00:00-04:00,130.7467498779297
2021-06-24 00:00:00-04:00,131.1516571044922
2021-06-25 00:00:00-04:00,132.2404022216797
2021-06-28 00:00:00-04:00,129.15414428710938
2021-06-29 00:00:00-04:00,127.69650268554688
2021-06-30 00:00:00-04:00,127.47158813476562
2021-07-01 00:00:00-04:00,129.31613159179688
2021-07-02 00:00:00-04:00,130.980712890625
2021-07-06 00:00:00-04:00,130.6837921142578
2021-07-07 00:00:00-04:00,131.02569580078125
2021-07-08 00:00:00-04:00,128.80322265625
2021-07-09 00:00:00-04:00,129.94595336914062
2021-07-12 00:00:00-04:00,130.50379943847656
2021-07-13 00:00:00-04:00,131.5745391845703
2021-07-14 00:00:00-04:00,133.1851806640625
2021-07-15 00:00:00-04:00,133.6980438232422
2021-07-16 00:00:00-04:00,133.65304565429688
2021-07-19 00:00:00-04:00,128.16439819335938
2021-07-20 00:00:00-04:00,130.31488037109375
2021-07-21 00:00:00-04:00,130.89073181152344
2021-07-22 00:00:00-04:00,131.4665985107422
2021-07-23 00:00:00-04:00,133.9140167236328
2021-07-26 00:00:00-04:00,133.5450897216797
2021-07-27 00:00:00-04:00,135.7405242919922
2021-07-28 00:00:00-04:00,133.8060302734375
2021-07-29 00:00:00-04:00,134.63380432128906
2021-07-30 00:00:00-04:00,134.1119384765625
2021-08-02 00:00:00-04:00,125.17715454101562
2021-08-03 00:00:00-04:00,117.3310775756836
2021-08-04 00:00:00-04:00,115.86444854736328
2021-08-05 00:00:00-04:00,116.53926086425781
2021-08-06 00:00:00-04:00,120.4083251953125
2021-08-09 00:00:00-04:00,120.63326263427734
2021-08-10 00:00:00-04:00,119.22059631347656
2021-08-11 00:00:00-04:00,120.45327758789062
2021-08-12 00:00:00-04:00,120.47130584716797
2021-08-13 00:00:00-04:00,120.62423706054688
2021-08-16 00:00:00-04:00,119.68848419189453
2021-08-17 00:00:00-04:00,120.84019470214844
2021-08-18 00:00:00-04:00,120.96619415283203
2021-08-19 00:00:00-04:00,115.95440673828125
2021-08-20 00:00:00-04:00,116.95316314697266
2021-08-23 00:00:00-04:00,116.67422485351562
2021-08-24 00:00:00-04:00,116.98014831542969
2021-08-25 00:00:00-04:00,116.98014831542969
2021-08-26 00:00:00-04:00,115.47752380371094
2021-08-27 00:00:00-04:00,115.70247650146484
2021-08-30 00:00:00-04:00,114.46977233886719
2021-08-31 00:00:00-04:00,114.96464538574219
2021-09-01 00:00:00-04:00,116.33230590820312
2021-09-02 00:00:00-04:00,114.14585876464844
2021-09-03 00:00:00-04:00,112.82317352294922
2021-09-07 00:00:00-04:00,113.12911224365234
2021-09-08 00:00:00-04:00,116.97116088867188
2021-09-09 00:00:00-04:00,114.64276123046875
2021-09-10 00:00:00-04:00,111.71869659423828
2021-09-13 00:00:00-04:00,112.47679138183594
2021-09-14 00:00:00-04:00,111.38477325439453
2021-09-15 00:00:00-04:00,112.90096282958984
2021-09-16 00:00:00-04:00,113.17168426513672
2021-09-17 00:00:00-04:00,111.66454315185547
2021-09-20 00:00:00-04:00,111.11402130126953
2021-09-21 00:00:00-04:00,109.54369354248047
2021-09-22 00:00:00-04:00,110.16641998291016
2021-09-23 00:00:00-04:00,110.38301849365234
2021-09-24 00:00:00-04:00,110.13033294677734
2021-09-27 00:00:00-04:00,112.19699096679688
2021-09-28 00:00:00-04:00,110.31982421875
2021-09-29 00:00:00-04:00,111.31259155273438
2021-09-30 00:00:00-04:00,109.81446075439453
2021-10-01 00:00:00-04:00,111.24939727783203
2021-10-04 00:00:00-04:00,109.22783660888672
2021-10-05 00:00:00-04:00,108.60511779785156
2021-10-06 00:00:00-04:00,109.30907440185547
2021-10-07 00:00:00-04:00,109.47149658203125
2021-10-08 00:00:00-04:00,108.32535552978516
2021-10-11 00:00:00-04:00,104.57101440429688
2021-10-12 00:00:00-04:00,104.76954650878906
2021-10-13 00:00:00-04:00,105.39227294921875
2021-10-14 00:00:00-04:00,109.81446075439453
2021-10-15 00:00:00-04:00,112.63020324707031
2021-10-18 00:00:00-04:00,111.03279876708984
2021-10-19 00:00:00-04:00,111.9533462524414
2021-10-20 00:00:00-04:00,112.46775817871094
2021-10-21 00:00:00-04:00,112.29627990722656
2021-10-22 00:00:00-04:00,112.8468017578125
2021-10-25 00:00:00-04:00,110.50035095214844
2021-10-26 00:00:00-04:00,110.46424865722656
2021-10-27 00:00:00-04:00,103.07290649414062
2021-10-28 00:00:00-04:00,100.9881362915039
2021-10-29 00:00:00-04:00,99.94125366210938
2021-11-01 00:00:00-04:00,102.88336181640625
2021-11-02 00:00:00-04:00,98.52434539794922
2021-11-03 00:00:00-04:00,100.10369110107422
2021-11-04 00:00:00-04:00,100.85276794433594
2021-11-05 00:00:00-04:00,102.57653045654297
2021-11-08 00:00:00-05:00,103.55120849609375
2021-11-09 00:00:00-05:00,104.21002197265625
2021-11-10 00:00:00-05:00,106.84526062011719
2021-11-11 00:00:00-05:00,107.76580810546875
2021-11-12 00:00:00-05:00,105.4644546508789
2021-11-15 00:00:00-05:00,104.3905029296875
2021-11-16 00:00:00-05:00,103.8851089477539
2021-11-17 00:00:00-05:00,99.6705093383789
2021-11-18 00:00:00-05:00,98.37995910644531
2021-11-19 00:00:00-05:00,99.21926879882812
2021-11-22 00:00:00-05:00,97.36015319824219
2021-11-23 00:00:00-05:00,98.06410217285156
2021-11-24 00:00:00-05:00,99.14705657958984
2021-11-26 00:00:00-05:00,97.47748565673828
2021-11-29 00:00:00-05:00,95.11295318603516
2021-11-30 00:00:00-05:00,94.30974578857422
2021-12-01 00:00:00-05:00,92.37842559814453
2021-12-02 00:00:00-05:00,95.4198226928711
2021-12-03 00:00:00-05:00,93.22677612304688
2021-12-06 00:00:00-05:00,96.5930404663086
2021-12-07 00:00:00-05:00,96.52082824707031
2021-12-08 00:00:00-05:00,97.76627349853516
2021-12-09 00:00:00-05:00,94.7519760131836
2021-12-10 00:00:00-05:00,94.661376953125
2021-12-13 00:00:00-05:00,94.88783264160156
2021-12-14 00:00:00-05:00,96.77202606201172
2021-12-15 00:00:00-05:00,96.76294708251953
2021-12-16 00:00:00-05:00,98.25761413574219
2021-12-17 00:00:00-05:00,97.8137435913086
2021-12-20 00:00:00-05:00,94.7972640991211
2021-12-21 00:00:00-05:00,99.55296325683594
2021-12-22 00:00:00-05:00,99.64356231689453
2021-12-23 00:00:00-05:00,98.78299713134766
2021-12-27 00:00:00-05:00,98.23043823242188
2021-12-28 00:00:00-05:00,99.00040435791016
2021-12-29 00:00:00-05:00,98.96416473388672
2021-12-30 00:00:00-05:00,99.63449096679688
2021-12-31 00:00:00-05:00,98.87357330322266
2022-01-03 00:00:00-05:00,103.15824890136719
2022-01-04 00:00:00-05:00,103.72894287109375
2022-01-05 00:00:00-05:00,105.55875396728516
2022-01-06 00:00:00-05:00,105.66746520996094
2022-01-07 00:00:00-05:00,106.56425476074219
2022-01-10 00:00:00-05:00,105.41383361816406
2022-01-11 00:00:00-05:00,106.48274230957031
2022-01-12 00:00:00-05:00,106.44649505615234
2022-01-13 00:00:00-05:00,106.3830795288086
2022-01-14 00:00:00-05:00,106.92659759521484
2022-01-18 00:00:00-05:00,103.71988677978516
2022-01-19 00:00:00-05:00,102.63287353515625
2022-01-20 00:00:00-05:00,102.54226684570312
2022-01-21 00:00:00-05:00,101.25597381591797
2022-01-24 00:00:00-05:00,101.2650146484375
2022-01-25 00:00:00-05:00,99.82473754882812
2022-01-26 00:00:00-05:00,98.72865295410156
2022-01-27 00:00:00-05:00,98.95510864257812
2022-01-28 00:00:00-05:00,106.34685516357422
2022-01-31 00:00:00-05:00,108.62958526611328
2022-02-01 00:00:00-05:00,110.2510757446289
2022-02-02 00:00:00-05:00,108.80169677734375
2022-02-03 00:00:00-05:00,104.56233215332031
2022-02-04 00:00:00-05:00,103.04956817626953
2022-02-07 00:00:00-05:00,103.3575439453125
2022-02-08 00:00:00-05:00,100.96609497070312
2022-02-09 00:00:00-05:00,104.16373443603516
2022-02-10 00:00:00-05:00,102.98615264892578
2022-02-11 00:00:00-05:00,101.3827896118164
2022-02-14 00:00:00-05:00,101.00232696533203
2022-02-15 00:00:00-05:00,93.1667251586914
2022-02-16 00:00:00-05:00,90.97457122802734
2022-02-17 00:00:00-05:00,88.38384246826172
2022-02-18 00:00:00-05:00,86.63553619384766
2022-02-22 00:00:00-05:00,86.42720031738281
2022-02-23 00:00:00-05:00,83.56471252441406
2022-02-24 00:00:00-05:00,86.76237487792969
2022-02-25 00:00:00-05:00,87.81314849853516
2022-02-28 00:00:00-05:00,86.26414489746094
2022-03-01 00:00:00-05:00,84.85101318359375
2022-03-02 00:00:00-05:00,86.28225708007812
2022-03-03 00:00:00-05:00,83.94515991210938
2022-03-04 00:00:00-05:00,81.9522933959961
2022-03-07 00:00:00-05:00,78.90863800048828
2022-03-08 00:00:00-05:00,78.12960815429688
2022-03-09 00:00:00-05:00,83.32012939453125
2022-03-10 00:00:00-05:00,82.3185806274414
2022-03-11 00:00:00-05:00,81.34432220458984
2022-03-14 00:00:00-04:00,81.08938598632812
2022-03-15 00:00:00-04:00,84.31256866455078
2022-03-16 00:00:00-04:00,86.84378051757812
2022-03-17 00:00:00-04:00,86.67987060546875
2022-03-18 00:00:00-04:00,87.24439239501953
2022-03-21 00:00:00-04:00,86.470458984375
2022-03-22 00:00:00-04:00,88.25504302978516
2022-03-23 00:00:00-04:00,86.88931274414062
2022-03-24 00:00:00-04:00,87.78160095214844
2022-03-25 00:00:00-04:00,88.72850799560547
2022-03-28 00:00:00-04:00,88.91062927246094
2022-03-29 00:00:00-04:00,92.86219024658203
2022-03-30 00:00:00-04:00,91.97900390625
2022-03-31 00:00:00-04:00,91.43272399902344
2022-04-01 00:00:00-04:00,94.11869049072266
2022-04-04 00:00:00-04:00,94.01854705810547
2022-04-05 00:00:00-04:00,94.29168701171875
2022-04-06 00:00:00-04:00,92.47068786621094
2022-04-07 00:00:00-04:00,92.443359375
2022-04-08 00:00:00-04:00,92.89860534667969
2022-04-11 00:00:00-04:00,92.7984619140625
2022-04-12 00:00:00-04:00,92.81668090820312
2022-04-13 00:00:00-04:00,92.41605377197266
2022-04-14 00:00:00-04:00,93.281005859375
2022-04-18 00:00:00-04:00,93.30834197998047
2022-04-19 00:00:00-04:00,95.50265502929688
2022-04-20 00:00:00-04:00,93.78179931640625
2022-04-21 00:00:00-04:00,93.78179931640625
2022-04-22 00:00:00-04:00,91.02299499511719
2022-04-25 00:00:00-04:00,90.3401107788086
2022-04-26 00:00:00-04:00,86.74361419677734
2022-04-27 00:00:00-04:00,89.99411010742188
2022-04-28 00:00:00-04:00,94.50111389160156
2022-04-29 00:00:00-04:00,90.2763900756836
2022-05-02 00:00:00-04:00,88.7740478515625
2022-05-03 00:00:00-04:00,90.71341705322266
2022-05-04 00:00:00-04:00,94.96546936035156
2022-05-05 00:00:00-04:00,91.59658813476562
2022-05-06 00:00:00-04:00,89.47513580322266
2022-05-09 00:00:00-04:00,86.07894897460938
2022-05-10 00:00:00-04:00,86.26104736328125
2022-05-11 00:00:00-04:00,85.08650207519531
2022-05-12 00:00:00-04:00,85.54176330566406
2022-05-13 00:00:00-04:00,87.86353302001953
2022-05-16 00:00:00-04:00,87.68144989013672
2022-05-17 00:00:00-04:00,89.5024642944336
2022-05-18 00:00:00-04:00,88.07295227050781
2022-05-19 00:00:00-04:00,88.47357177734375
2022-05-20 00:00:00-04:00,90.75892639160156
2022-05-23 00:00:00-04:00,92.60725402832031
2022-05-24 00:00:00-04:00,91.51465606689453
2022-05-25 00:00:00-04:00,92.3158950805664
2022-05-26 00:00:00-04:00,94.87440490722656
2022-05-27 00:00:00-04:00,95.74848937988281
2022-05-31 00:00:00-04:00,95.1475601196289
2022-06-01 00:00:00-04:00,93.98212432861328
2022-06-02 00:00:00-04:00,96.68634033203125
2022-06-03 00:00:00-04:00,94.52841186523438
2022-06-06 00:00:00-04:00,95.8759765625
2022-06-07 00:00:00-04:00,95.2113037109375
2022-06-08 00:00:00-04:00,94.47379302978516
2022-06-09 00:00:00-04:00,91.22679138183594
2022-06-10 00:00:00-04:00,89.45238494873047
2022-06-13 00:00:00-04:00,86.85478210449219
2022-06-14 00:00:00-04:00,87.12004089355469
2022-06-15 00:00:00-04:00,87.3212661743164
2022-06-16 00:00:00-04:00,82.95838928222656
2022-06-17 00:00:00-04:00,84.00108337402344
2022-06-21 00:00:00-04:00,85.03466033935547
2022-06-22 00:00:00-04:00,84.21145629882812
2022-06-23 00:00:00-04:00,84.99805450439453
2022-06-24 00:00:00-04:00,90.21153259277344
2022-06-27 00:00:00-04:00,88.48284912109375
2022-06-28 00:00:00-04:00,86.22369384765625
2022-06-29 00:00:00-04:00,86.49807739257812
2022-06-30 00:00:00-04:00,83.8456039428711
2022-07-01 00:00:00-04:00,85.59255981445312
2022-07-05 00:00:00-04:00,86.89136505126953
2022-07-06 00:00:00-04:00,86.72674560546875
2022-07-07 00:00:00-04:00,85.84866333007812
2022-07-08 00:00:00-04:00,86.32430267333984
2022-07-11 00:00:00-04:00,85.94927215576172
2022-07-12 00:00:00-04:00,85.96756744384766
2022-07-13 00:00:00-04:00,85.59255981445312
2022-07-14 00:00:00-04:00,84.30292510986328
2022-07-15 00:00:00-04:00,87.09260559082031
2022-07-18 00:00:00-04:00,86.1230697631836
2022-07-19 00:00:00-04:00,88.8121109008789
2022-07-20 00:00:00-04:00,89.04994201660156
2022-07-21 00:00:00-04:00,90.46764373779297
2022-07-22 00:00:00-04:00,90.5682373046875
2022-07-25 00:00:00-04:00,89.690185546875
2022-07-26 00:00:00-04:00,88.80299377441406
2022-07-27 00:00:00-04:00,90.02860260009766
2022-07-28 00:00:00-04:00,92.31521606445312
2022-07-29 00:00:00-04:00,93.44025421142578
2022-08-01 00:00:00-04:00,94.47379302978516
2022-08-02 00:00:00-04:00,93.4676742553711
2022-08-03 00:00:00-04:00,95.2420883178711
2022-08-04 00:00:00-04:00,88.32735443115234
2022-08-05 00:00:00-04:00,89.05908966064453
2022-08-08 00:00:00-04:00,89.70848083496094
2022-08-09 00:00:00-04:00,89.64446258544922
2022-08-10 00:00:00-04:00,91.35485076904297
2022-08-11 00:00:00-04:00,91.93106079101562
2022-08-12 00:00:00-04:00,93.40367126464844
2022-08-15 00:00:00-04:00,94.01646423339844
2022-08-16 00:00:00-04:00,94.67500305175781
2022-08-17 00:00:00-04:00,92.92803955078125
2022-08-18 00:00:00-04:00,91.739013671875
2022-08-19 00:00:00-04:00,91.5560531616211
2022-08-22 00:00:00-04:00,89.1505355834961
2022-08-23 00:00:00-04:00,87.403564453125
2022-08-24 00:00:00-04:00,86.91880798339844
2022-08-25 00:00:00-04:00,87.96150207519531
2022-08-26 00:00:00-04:00,85.14440155029297
2022-08-29 00:00:00-04:00,85.13525390625
2022-08-30 00:00:00-04:00,84.88829040527344
2022-08-31 00:00:00-04:00,83.57122039794922
2022-09-01 00:00:00-04:00,82.89436340332031
2022-09-02 00:00:00-04:00,82.29069519042969
2022-09-06 00:00:00-04:00,81.76935577392578
2022-09-07 00:00:00-04:00,83.14132690429688
2022-09-08 00:00:00-04:00,82.12606048583984
2022-09-09 00:00:00-04:00,83.67182159423828
2022-09-12 00:00:00-04:00,85.1078109741211
2022-09-13 00:00:00-04:00,81.66873931884766
2022-09-14 00:00:00-04:00,79.62907409667969
2022-09-15 00:00:00-04:00,78.80142974853516
2022-09-16 00:00:00-04:00,77.48638916015625
2022-09-19 00:00:00-04:00,75.76670837402344
2022-09-20 00:00:00-04:00,75.15978240966797
2022-09-21 00:00:00-04:00,73.982666015625
2022-09-22 00:00:00-04:00,74.03784942626953
2022-09-23 00:00:00-04:00,73.83553314208984
2022-09-26 00:00:00-04:00,71.35258483886719
2022-09-27 00:00:00-04:00,70.62610626220703
2022-09-28 00:00:00-04:00,71.08589935302734
2022-09-29 00:00:00-04:00,70.41458892822266
2022-09-30 00:00:00-04:00,69.49497985839844
2022-10-03 00:00:00-04:00,70.20307922363281
2022-10-04 00:00:00-04:00,73.14582824707031
2022-10-05 00:00:00-04:00,73.20099639892578
2022-10-06 00:00:00-04:00,71.40775299072266
2022-10-07 00:00:00-04:00,70.90196990966797
2022-10-10 00:00:00-04:00,69.64212036132812
2022-10-11 00:00:00-04:00,68.30867767333984
2022-10-12 00:00:00-04:00,67.84886169433594
2022-10-13 00:00:00-04:00,69.89041137695312
2022-10-14 00:00:00-04:00,70.01915740966797
2022-10-17 00:00:00-04:00,70.83761596679688
2022-10-18 00:00:00-04:00,71.81238555908203
2022-10-19 00:00:00-04:00,70.56173706054688
2022-10-20 00:00:00-04:00,70.39619445800781
2022-10-21 00:00:00-04:00,71.57329559326172
2022-10-24 00:00:00-04:00,71.72962188720703
2022-10-25 00:00:00-04:00,73.52287292480469
2022-10-26 00:00:00-04:00,75.53679656982422
2022-10-27 00:00:00-04:00,76.40125274658203
2022-10-28 00:00:00-04:00,78.074951171875
2022-10-31 00:00:00-04:00,76.3184814453125
2022-11-01 00:00:00-04:00,76.36447143554688
2022-11-02 00:00:00-04:00,73.08145904541016
2022-11-03 00:00:00-04:00,52.58332824707031
2022-11-04 00:00:00-04:00,55.332969665527344
2022-11-07 00:00:00-05:00,56.8779182434082
2022-11-08 00:00:00-05:00,57.63199996948242
2022-11-09 00:00:00-05:00,56.75836944580078
2022-11-10 00:00:00-05:00,58.85508346557617
2022-11-11 00:00:00-05:00,60.142539978027344
2022-11-14 00:00:00-05:00,59.33327102661133
2022-11-15 00:00:00-05:00,58.735530853271484
2022-11-16 00:00:00-05:00,56.942291259765625
2022-11-17 00:00:00-05:00,56.151424407958984
2022-11-18 00:00:00-05:00,56.473289489746094
2022-11-21 00:00:00-05:00,56.611228942871094
2022-11-22 00:00:00-05:00,59.94940948486328
2022-11-23 00:00:00-05:00,60.62993621826172
2022-11-25 00:00:00-05:00,60.67591094970703
2022-11-28 00:00:00-05:00,60.2620735168457
2022-11-29 00:00:00-05:00,62.10130310058594
2022-11-30 00:00:00-05:00,66.74534606933594
2022-12-01 00:00:00-05:00,67.29710388183594
2022-12-02 00:00:00-05:00,68.10636901855469
2022-12-05 00:00:00-05:00,67.01201629638672
2022-12-06 00:00:00-05:00,64.12444305419922
2022-12-07 00:00:00-05:00,63.66465377807617
2022-12-08 00:00:00-05:00,64.61832427978516
2022-12-09 00:00:00-05:00,65.06275177001953
2022-12-12 00:00:00-05:00,65.94233703613281
2022-12-13 00:00:00-05:00,67.59044647216797
2022-12-14 00:00:00-05:00,67.0441665649414
2022-12-15 00:00:00-05:00,64.61832427978516
2022-12-16 00:00:00-05:00,64.0905532836914
2022-12-19 00:00:00-05:00,62.359130859375
2022-12-20 00:00:00-05:00,62.673927307128906
2022-12-21 00:00:00-05:00,61.868408203125
2022-12-22 00:00:00-05:00,61.646183013916016
2022-12-23 00:00:00-05:00,61.96099090576172
2022-12-27 00:00:00-05:00,62.28504943847656
2022-12-28 00:00:00-05:00,61.618412017822266
2022-12-29 00:00:00-05:00,62.86837387084961
2022-12-30 00:00:00-05:00,62.822078704833984
2023-01-03 00:00:00-05:00,63.4609489440918
2023-01-04 00:00:00-05:00,64.1368408203125
2023-01-05 00:00:00-05:00,63.13689422607422
2023-01-06 00:00:00-05:00,64.16463470458984
2023-01-09 00:00:00-05:00,64.81275177001953
2023-01-10 00:00:00-05:00,63.88684844970703
2023-01-11 00:00:00-05:00,64.32203674316406
2023-01-12 00:00:00-05:00,64.1461181640625
2023-01-13 00:00:00-05:00,64.58129119873047
2023-01-17 00:00:00-05:00,66.1182861328125
2023-01-18 00:00:00-05:00,64.47942352294922
2023-01-19 00:00:00-05:00,65.76642608642578
2023-01-20 00:00:00-05:00,68.44226837158203
2023-01-23 00:00:00-05:00,68.96076965332031
2023-01-24 00:00:00-05:00,68.89596557617188
2023-01-25 00:00:00-05:00,68.72003936767578
2023-01-26 00:00:00-05:00,69.34037780761719
2023-01-27 00:00:00-05:00,69.7477798461914
2023-01-30 00:00:00-05:00,68.87743377685547
2023-01-31 00:00:00-05:00,69.47928619384766
2023-02-01 00:00:00-05:00,71.09959411621094
2023-02-02 00:00:00-05:00,72.04399108886719
2023-02-03 00:00:00-05:00,69.8033218383789
2023-02-06 00:00:00-05:00,67.67377471923828
2023-02-07 00:00:00-05:00,69.6644515991211
2023-02-08 00:00:00-05:00,67.92376708984375
2023-02-09 00:00:00-05:00,68.47003936767578
2023-02-10 00:00:00-05:00,69.84037017822266
2023-02-13 00:00:00-05:00,61.10916519165039
2023-02-14 00:00:00-05:00,62.785037994384766
2023-02-15 00:00:00-05:00,62.45171356201172
2023-02-16 00:00:00-05:00,64.03500366210938
2023-02-17 00:00:00-05:00,64.34981536865234
2023-02-21 00:00:00-05:00,62.13691329956055
2023-02-22 00:00:00-05:00,62.06283187866211
2023-02-23 00:00:00-05:00,61.27582931518555
2023-02-24 00:00:00-05:00,60.0906867980957
2023-02-27 00:00:00-05:00,59.73883819580078
2023-02-28 00:00:00-05:00,58.6740608215332
2023-03-01 00:00:00-05:00,58.19258499145508
2023-03-02 00:00:00-05:00,59.1555290222168
2023-03-03 00:00:00-05:00,59.192569732666016
2023-03-06 00:00:00-05:00,59.146270751953125
2023-03-07 00:00:00-05:00,57.98889923095703
2023-03-08 00:00:00-05:00,58.25740432739258
2023-03-09 00:00:00-05:00,55.79267120361328
2023-03-10 00:00:00-05:00,53.421302795410156
2023-03-13 00:00:00-04:00,46.512569427490234
2023-03-14 00:00:00-04:00,49.780208587646484
2023-03-15 00:00:00-04:00,48.146385192871094
2023-03-16 00:00:00-04:00,48.687889099121094
2023-03-17 00:00:00-04:00,48.21174240112305
2023-03-20 00:00:00-04:00,48.127716064453125
2023-03-21 00:00:00-04:00,49.56547164916992
2023-03-22 00:00:00-04:00,47.866302490234375
2023-03-23 00:00:00-04:00,46.652610778808594
2023-03-24 00:00:00-04:00,46.40052795410156
2023-03-27 00:00:00-04:00,46.87667465209961
2023-03-28 00:00:00-04:00,47.28746795654297
2023-03-29 00:00:00-04:00,48.05302429199219
2023-03-30 00:00:00-04:00,48.7065544128418
2023-03-31 00:00:00-04:00,50.72315979003906
2023-04-03 00:00:00-04:00,50.499088287353516
2023-04-04 00:00:00-04:00,49.43476867675781
2023-04-05 00:00:00-04:00,50.15365219116211
2023-04-06 00:00:00-04:00,51.750125885009766
2023-04-10 00:00:00-04:00,51.059261322021484
2023-04-11 00:00:00-04:00,52.282291412353516
2023-04-12 00:00:00-04:00,51.63810348510742
2023-04-13 00:00:00-04:00,52.935821533203125
2023-04-14 00:00:00-04:00,53.59868240356445
2023-04-17 00:00:00-04:00,54.18686294555664
2023-04-18 00:00:00-04:00,52.898475646972656
2023-04-19 00:00:00-04:00,52.291622161865234
2023-04-20 00:00:00-04:00,52.543701171875
2023-04-21 00:00:00-04:00,52.543701171875
2023-04-24 00:00:00-04:00,52.151573181152344
2023-04-25 00:00:00-04:00,51.610084533691406
2023-04-26 00:00:00-04:00,51.19929504394531
2023-04-27 00:00:00-04:00,52.571712493896484
2023-04-28 00:00:00-04:00,54.821712493896484
2023-05-01 00:00:00-04:00,52.926483154296875
2023-05-02 00:00:00-04:00,49.602821350097656
2023-05-03 00:00:00-04:00,49.35074996948242
2023-05-04 00:00:00-04:00,49.69618225097656
2023-05-05 00:00:00-04:00,52.048885345458984
2023-05-08 00:00:00-04:00,52.24494552612305
2023-05-09 00:00:00-04:00,51.95553207397461
2023-05-10 00:00:00-04:00,51.4793815612793
2023-05-11 00:00:00-04:00,51.34867858886719
2023-05-12 00:00:00-04:00,51.414031982421875
2023-05-15 00:00:00-04:00,51.84348678588867
2023-05-16 00:00:00-04:00,51.264652252197266
2023-05-17 00:00:00-04:00,52.26362228393555
2023-05-18 00:00:00-04:00,54.00947189331055
2023-05-19 00:00:00-04:00,53.066524505615234
2023-05-22 00:00:00-04:00,53.654701232910156
2023-05-23 00:00:00-04:00,52.08623123168945
2023-05-24 00:00:00-04:00,50.284358978271484
2023-05-25 00:00:00-04:00,49.74285888671875
2023-05-26 00:00:00-04:00,50.84452438354492
2023-05-30 00:00:00-04:00,50.38705825805664
2023-05-31 00:00:00-04:00,50.94722366333008
2023-06-01 00:00:00-04:00,51.34867858886719
2023-06-02 00:00:00-04:00,51.70344924926758
2023-06-05 00:00:00-04:00,51.06858825683594
2023-06-06 00:00:00-04:00,51.33000564575195
2023-06-07 00:00:00-04:00,51.404693603515625
2023-06-08 00:00:00-04:00,51.357566833496094
2023-06-09 00:00:00-04:00,51.51779556274414
2023-06-12 00:00:00-04:00,51.34813690185547
2023-06-13 00:00:00-04:00,52.02674865722656
2023-06-14 00:00:00-04:00,51.55548858642578
2023-06-15 00:00:00-04:00,50.9428596496582
2023-06-16 00:00:00-04:00,51.630897521972656
2023-06-20 00:00:00-04:00,51.50837326049805
2023-06-21 00:00:00-04:00,50.53758239746094
2023-06-22 00:00:00-04:00,50.46217727661133
2023-06-23 00:00:00-04:00,49.71759796142578
2023-06-26 00:00:00-04:00,49.65161895751953
2023-06-27 00:00:00-04:00,49.40656280517578
2023-06-28 00:00:00-04:00,50.04747772216797
2023-06-29 00:00:00-04:00,49.8778190612793
2023-06-30 00:00:00-04:00,51.55548858642578
2023-07-03 00:00:00-04:00,54.66578674316406
2023-07-05 00:00:00-04:00,56.3623161315918
2023-07-06 00:00:00-04:00,55.69313430786133
2023-07-07 00:00:00-04:00,55.8627815246582
2023-07-10 00:00:00-04:00,55.03337097167969
2023-07-11 00:00:00-04:00,55.88162612915039
2023-07-12 00:00:00-04:00,55.834510803222656
2023-07-13 00:00:00-04:00,56.20208740234375
2023-07-14 00:00:00-04:00,55.76852798461914
2023-07-17 00:00:00-04:00,55.005096435546875
2023-07-18 00:00:00-04:00,56.71104431152344
2023-07-19 00:00:00-04:00,57.33310317993164
2023-07-20 00:00:00-04:00,57.66298294067383
2023-07-21 00:00:00-04:00,58.02113342285156
2023-07-24 00:00:00-04:00,58.2850456237793
2023-07-25 00:00:00-04:00,58.548946380615234
2023-07-26 00:00:00-04:00,57.95516586303711
2023-07-27 00:00:00-04:00,57.46506118774414
2023-07-28 00:00:00-04:00,56.22093963623047
2023-07-31 00:00:00-04:00,56.908966064453125
2023-08-01 00:00:00-04:00,57.55931091308594
2023-08-02 00:00:00-04:00,56.08898162841797
2023-08-03 00:00:00-04:00,53.99660873413086
2023-08-04 00:00:00-04:00,55.429222106933594
2023-08-07 00:00:00-04:00,54.97682571411133
2023-08-08 00:00:00-04:00,54.345333099365234
2023-08-09 00:00:00-04:00,54.45843505859375
2023-08-10 00:00:00-04:00,54.00602722167969
2023-08-11 00:00:00-04:00,53.0540885925293
2023-08-14 00:00:00-04:00,52.77134323120117
2023-08-15 00:00:00-04:00,52.667659759521484
2023-08-16 00:00:00-04:00,52.60169219970703
2023-08-17 00:00:00-04:00,52.837318420410156
2023-08-18 00:00:00-04:00,52.20582962036133
2023-08-21 00:00:00-04:00,52.47916030883789
2023-08-22 00:00:00-04:00,52.0173225402832
2023-08-23 00:00:00-04:00,52.10215377807617
2023-08-24 00:00:00-04:00,52.08329772949219
2023-08-25 00:00:00-04:00,51.593196868896484
2023-08-28 00:00:00-04:00,52.74306106567383
2023-08-29 00:00:00-04:00,52.51686477661133
2023-08-30 00:00:00-04:00,53.0540885925293
2023-08-31 00:00:00-04:00,52.6488037109375
2023-09-01 00:00:00-04:00,53.42167663574219
2023-09-05 00:00:00-04:00,52.44145584106445
2023-09-06 00:00:00-04:00,52.13985824584961
2023-09-07 00:00:00-04:00,51.749755859375
2023-09-08 00:00:00-04:00,52.644134521484375
2023-09-11 00:00:00-04:00,52.82489776611328
2023-09-12 00:00:00-04:00,53.01519775390625
2023-09-13 00:00:00-04:00,52.5680046081543
2023-09-14 00:00:00-04:00,53.643150329589844
2023-09-15 00:00:00-04:00,54.137916564941406
2023-09-18 00:00:00-04:00,54.480438232421875
2023-09-19 00:00:00-04:00,55.403350830078125
2023-09-20 00:00:00-04:00,55.31772232055664
2023-09-21 00:00:00-04:00,54.280635833740234
2023-09-22 00:00:00-04:00,53.39577865600586
2023-09-25 00:00:00-04:00,53.2625732421875
2023-09-26 00:00:00-04:00,52.90101623535156
2023-09-27 00:00:00-04:00,52.84393310546875
2023-09-28 00:00:00-04:00,53.11034393310547
2023-09-29 00:00:00-04:00,52.587039947509766
2023-10-02 00:00:00-04:00,51.60704040527344
2023-10-03 00:00:00-04:00,51.14081954956055
2023-10-04 00:00:00-04:00,51.66413116455078
2023-10-05 00:00:00-04:00,51.52140808105469
2023-10-06 00:00:00-04:00,50.84586715698242
2023-10-09 00:00:00-04:00,49.75170135498047
2023-10-10 00:00:00-04:00,50.52238082885742
2023-10-11 00:00:00-04:00,50.54140090942383
2023-10-12 00:00:00-04:00,49.09518814086914
2023-10-13 00:00:00-04:00,49.30450439453125
2023-10-16 00:00:00-04:00,50.04664611816406
2023-10-17 00:00:00-04:00,51.00762176513672
2023-10-18 00:00:00-04:00,49.34257125854492
2023-10-19 00:00:00-04:00,48.92392349243164
2023-10-20 00:00:00-04:00,47.95344161987305
2023-10-23 00:00:00-04:00,47.173255920410156
2023-10-24 00:00:00-04:00,48.04859161376953
2023-10-25 00:00:00-04:00,46.47867965698242
2023-10-26 00:00:00-04:00,45.87926483154297
2023-10-27 00:00:00-04:00,44.8707160949707
2023-10-30 00:00:00-04:00,46.06003952026367
2023-10-31 00:00:00-04:00,46.7260627746582
2023-11-01 00:00:00-04:00,46.8878059387207
2023-11-02 00:00:00-04:00,48.866844177246094
2023-11-03 00:00:00-04:00,49.437713623046875
2023-11-06 00:00:00-05:00,49.20936965942383
2023-11-07 00:00:00-05:00,48.61945724487305
2023-11-08 00:00:00-05:00,50.42723083496094
2023-11-09 00:00:00-05:00,49.26644515991211
2023-11-10 00:00:00-05:00,49.86587142944336
2023-11-13 00:00:00-05:00,49.846839904785156
2023-11-14 00:00:00-05:00,51.293060302734375
2023-11-15 00:00:00-05:00,51.81635284423828
2023-11-16 00:00:00-05:00,51.28354263305664
2023-11-17 00:00:00-05:00,52.01615905761719
2023-11-20 00:00:00-05:00,52.139854431152344
2023-11-21 00:00:00-05:00,51.28354263305664
2023-11-22 00:00:00-05:00,51.78781509399414
2023-11-24 00:00:00-05:00,52.805877685546875
2023-11-27 00:00:00-05:00,53.272090911865234
2023-11-28 00:00:00-05:00,54.147422790527344
2023-11-29 00:00:00-05:00,55.35578155517578
2023-11-30 00:00:00-05:00,55.79344940185547
2023-12-01 00:00:00-05:00,56.99228286743164
2023-12-04 00:00:00-05:00,57.02083206176758
2023-12-05 00:00:00-05:00,56.69733428955078
2023-12-06 00:00:00-05:00,56.09790802001953
2023-12-07 00:00:00-05:00,56.558677673339844
2023-12-08 00:00:00-05:00,56.57787322998047
2023-12-11 00:00:00-05:00,56.36669158935547
2023-12-12 00:00:00-05:00,55.5219612121582
2023-12-13 00:00:00-05:00,57.595394134521484
2023-12-14 00:00:00-05:00,57.94096374511719
2023-12-15 00:00:00-05:00,57.0290412902832
2023-12-18 00:00:00-05:00,57.633792877197266
2023-12-19 00:00:00-05:00,57.51860427856445
2023-12-20 00:00:00-05:00,56.52027893066406
2023-12-21 00:00:00-05:00,57.317012786865234
2023-12-22 00:00:00-05:00,57.537803649902344
2023-12-26 00:00:00-05:00,57.854576110839844
2023-12-27 00:00:00-05:00,57.97936248779297
2023-12-28 00:00:00-05:00,58.36333084106445
2023-12-29 00:00:00-05:00,57.66259002685547
2024-01-02 00:00:00-05:00,58.52652359008789
2024-01-03 00:00:00-05:00,57.79697799682617
2024-01-04 00:00:00-05:00,58.14255142211914
2024-01-05 00:00:00-05:00,58.94888687133789
2024-01-08 00:00:00-05:00,60.81113815307617
2024-01-09 00:00:00-05:00,59.67843246459961
2024-01-10 00:00:00-05:00,59.94720458984375
2024-01-11 00:00:00-05:00,59.803218841552734
2024-01-12 00:00:00-05:00,59.313663482666016
2024-01-16 00:00:00-05:00,58.70890808105469
2024-01-17 00:00:00-05:00,57.403411865234375
2024-01-18 00:00:00-05:00,56.64506912231445
2024-01-19 00:00:00-05:00,57.46100616455078
2024-01-22 00:00:00-05:00,59.352054595947266
2024-01-23 00:00:00-05:00,58.00815963745117
2024-01-24 00:00:00-05:00,58.612911224365234
2024-01-25 00:00:00-05:00,59.75522232055664
2024-01-26 00:00:00-05:00,60.9647216796875
2024-01-29 00:00:00-05:00,60.95512771606445
2024-01-30 00:00:00-05:00,60.6191520690918
2024-01-31 00:00:00-05:00,59.76482009887695
2024-02-01 00:00:00-05:00,60.35037612915039
2024-02-02 00:00:00-05:00,59.79362106323242
2024-02-05 00:00:00-05:00,59.23686218261719
2024-02-06 00:00:00-05:00,59.150474548339844
2024-02-07 00:00:00-05:00,59.198463439941406
2024-02-08 00:00:00-05:00,58.977684020996094
2024-02-09 00:00:00-05:00,59.284854888916016
2024-02-12 00:00:00-05:00,59.822418212890625
2024-02-13 00:00:00-05:00,58.785701751708984
2024-02-14 00:00:00-05:00,60.12959289550781
2024-02-15 00:00:00-05:00,61.0991096496582
2024-02-16 00:00:00-05:00,61.0991096496582
2024-02-20 00:00:00-05:00,60.436763763427734
2024-02-21 00:00:00-05:00,60.90713119506836
2024-02-22 00:00:00-05:00,61.531070709228516
2024-02-23 00:00:00-05:00,61.7038688659668
2024-02-26 00:00:00-05:00,64.63162231445312
2024-02-27 00:00:00-05:00,64.29566192626953
2024-02-28 00:00:00-05:00,64.19007873535156
2024-02-29 00:00:00-05:00,66.41709899902344
2024-03-01 00:00:00-05:00,66.43628692626953
2024-03-04 00:00:00-05:00,66.66667175292969
2024-03-05 00:00:00-05:00,66.95465087890625
2024-03-06 00:00:00-05:00,67.03145599365234
2024-03-07 00:00:00-05:00,66.72266387939453
2024-03-08 00:00:00-05:00,67.20512390136719
2024-03-11 00:00:00-04:00,67.30160522460938
2024-03-12 00:00:00-04:00,67.10863494873047
2024-03-13 00:00:00-04:00,66.4814453125
2024-03-14 00:00:00-04:00,65.82532501220703
2024-03-15 00:00:00-04:00,66.69373321533203
2024-03-18 00:00:00-04:00,66.8674087524414
2024-03-19 00:00:00-04:00,67.40774536132812
2024-03-20 00:00:00-04:00,68.21826934814453
2024-03-21 00:00:00-04:00,69.72350311279297
2024-03-22 00:00:00-04:00,68.04459381103516
2024-03-25 00:00:00-04:00,68.59457397460938
2024-03-26 00:00:00-04:00,69.7621078491211
2024-03-27 00:00:00-04:00,70.88138580322266
2024-03-28 00:00:00-04:00,71.57611083984375
2024-04-01 00:00:00-04:00,70.1963119506836
2024-04-02 00:00:00-04:00,71.11295318603516
2024-04-03 00:00:00-04:00,70.06122589111328
2024-04-04 00:00:00-04:00,69.37614440917969
2024-04-05 00:00:00-04:00,69.8971939086914
2024-04-08 00:00:00-04:00,70.51472473144531
2024-04-09 00:00:00-04:00,71.27699279785156
2024-04-10 00:00:00-04:00,70.08051300048828
2024-04-11 00:00:00-04:00,69.62701416015625
2024-04-12 00:00:00-04:00,68.45948028564453
2024-04-15 00:00:00-04:00,68.23756408691406
2024-04-16 00:00:00-04:00,68.21826934814453
2024-04-17 00:00:00-04:00,67.88054656982422
2024-04-18 00:00:00-04:00,67.54283905029297
2024-04-19 00:00:00-04:00,68.2472152709961
2024-04-22 00:00:00-04:00,68.79720306396484
2024-04-23 00:00:00-04:00,69.37614440917969
2024-04-24 00:00:00-04:00,68.32440185546875
2024-04-25 00:00:00-04:00,67.996337890625
2024-04-26 00:00:00-04:00,67.15687561035156
2024-04-29 00:00:00-04:00,67.00249481201172
2024-04-30 00:00:00-04:00,65.53585052490234
2024-05-01 00:00:00-04:00,64.84111785888672
2024-05-02 00:00:00-04:00,66.99283599853516
2024-05-03 00:00:00-04:00,68.23756408691406
2024-05-06 00:00:00-04:00,67.97703552246094
2024-05-07 00:00:00-04:00,71.70154571533203
2024-05-08 00:00:00-04:00,71.45067596435547
2024-05-09 00:00:00-04:00,71.12259674072266
2024-05-10 00:00:00-04:00,72.01995849609375
2024-05-13 00:00:00-04:00,73.09100341796875
2024-05-14 00:00:00-04:00,73.70852661132812
2024-05-15 00:00:00-04:00,74.7602767944336
2024-05-16 00:00:00-04:00,74.83746337890625
2024-05-17 00:00:00-04:00,75.60938262939453
2024-05-20 00:00:00-04:00,74.99185180664062
2024-05-21 00:00:00-04:00,75.36815643310547
2024-05-22 00:00:00-04:00,74.5286865234375
2024-05-23 00:00:00-04:00,73.6313247680664
2024-05-24 00:00:00-04:00,75.05939483642578
2024-05-28 00:00:00-04:00,72.49276733398438
2024-05-29 00:00:00-04:00,71.8655776977539
2024-05-30 00:00:00-04:00,71.4796142578125
2024-05-31 00:00:00-04:00,73.21643829345703
2024-06-03 00:00:00-04:00,73.37080383300781
2024-06-04 00:00:00-04:00,73.39977264404297
2024-06-05 00:00:00-04:00,73.29363250732422
2024-06-06 00:00:00-04:00,73.68924713134766
2024-06-07 00:00:00-04:00,74.78923034667969
2024-06-10 00:00:00-04:00,74.9249267578125
2024-06-11 00:00:00-04:00,73.50961303710938
2024-06-12 00:00:00-04:00,74.5953369140625
2024-06-13 00:00:00-04:00,74.711669921875
2024-06-14 00:00:00-04:00,74.22695922851562
2024-06-17 00:00:00-04:00,73.79074096679688
2024-06-18 00:00:00-04:00,74.6922836303711
2024-06-20 00:00:00-04:00,74.13972473144531
2024-06-21 00:00:00-04:00,73.63563537597656
2024-06-24 00:00:00-04:00,73.23817443847656
2024-06-25 00:00:00-04:00,72.89888763427734
2024-06-26 00:00:00-04:00,72.69530487060547
2024-06-27 00:00:00-04:00,72.34632110595703
2024-06-28 00:00:00-04:00,73.05399322509766
2024-07-01 00:00:00-04:00,71.99734497070312
2024-07-02 00:00:00-04:00,72.927978515625
2024-07-03 00:00:00-04:00,73.49022674560547
2024-07-05 00:00:00-04:00,73.11214447021484
2024-07-08 00:00:00-04:00,72.5595932006836
2024-07-09 00:00:00-04:00,71.46417999267578
2024-07-10 00:00:00-04:00,71.65805053710938
2024-07-11 00:00:00-04:00,73.26725769042969
2024-07-12 00:00:00-04:00,74.08155059814453
2024-07-15 00:00:00-04:00,73.78104400634766
2024-07-16 00:00:00-04:00,74.55655670166016
2024-07-17 00:00:00-04:00,74.89585876464844
2024-07-18 00:00:00-04:00,73.71317291259766
2024-07-19 00:00:00-04:00,72.94735717773438
2024-07-22 00:00:00-04:00,73.01522064208984
2024-07-23 00:00:00-04:00,72.80194854736328
2024-07-24 00:00:00-04:00,73.02491760253906
2024-07-25 00:00:00-04:00,72.2300033569336
2024-07-26 00:00:00-04:00,73.36418914794922
2024-07-29 00:00:00-04:00,73.40298461914062
2024-07-30 00:00:00-04:00,74.39176177978516
2024-07-31 00:00:00-04:00,74.47901153564453
2024-08-01 00:00:00-04:00,72.79225158691406
2024-08-02 00:00:00-04:00,72.08460235595703
2024-08-05 00:00:00-04:00,70.57233428955078
2024-08-06 00:00:00-04:00,74.19788360595703
2024-08-07 00:00:00-04:00,74.11063385009766
2024-08-08 00:00:00-04:00,74.09125518798828
2024-08-09 00:00:00-04:00,75.21573638916016
2024-08-12 00:00:00-04:00,73.80043029785156
2024-08-13 00:00:00-04:00,75.86524963378906
2024-08-14 00:00:00-04:00,75.7004623413086
2024-08-15 00:00:00-04:00,76.07852172851562
2024-08-16 00:00:00-04:00,76.58260345458984
2024-08-19 00:00:00-04:00,76.73771667480469
2024-08-20 00:00:00-04:00,76.11729431152344
2024-08-21 00:00:00-04:00,76.78617858886719
2024-08-22 00:00:00-04:00,76.29178619384766
2024-08-23 00:00:00-04:00,76.84434509277344
2024-08-26 00:00:00-04:00,77.92037963867188
2024-08-27 00:00:00-04:00,79.03518676757812
2024-08-28 00:00:00-04:00,78.7540512084961
2024-08-29 00:00:00-04:00,78.84130096435547
2024-08-30 00:00:00-04:00,79.9270248413086
2024-09-03 00:00:00-04:00,80.10152435302734
2024-09-04 00:00:00-04:00,79.87857055664062
2024-09-05 00:00:00-04:00,79.94642639160156
2024-09-06 00:00:00-04:00,78.87039184570312
2024-09-09 00:00:00-04:00,79.8688735961914
2024-09-10 00:00:00-04:00,81.22225952148438
2024-09-11 00:00:00-04:00,81.329345703125
2024-09-12 00:00:00-04:00,82.03038787841797
2024-09-13 00:00:00-04:00,81.92328643798828
2024-09-16 00:00:00-04:00,82.78984069824219
2024-09-17 00:00:00-04:00,82.79956817626953
2024-09-18 00:00:00-04:00,82.20564270019531
2024-09-19 00:00:00-04:00,82.1861801147461
2024-09-20 00:00:00-04:00,81.84538269042969
2024-09-23 00:00:00-04:00,82.16670989990234
2024-09-24 00:00:00-04:00,81.8161849975586
2024-09-25 00:00:00-04:00,80.14149475097656
2024-09-26 00:00:00-04:00,80.75489044189453
2024-09-27 00:00:00-04:00,80.93988800048828
2024-09-30 00:00:00-04:00,81.5435562133789
2024-10-01 00:00:00-04:00,81.46566772460938
2024-10-02 00:00:00-04:00,81.26119232177734
2024-10-03 00:00:00-04:00,81.50460815429688
2024-10-04 00:00:00-04:00,82.40037536621094
2024-10-07 00:00:00-04:00,82.07907104492188
2024-10-08 00:00:00-04:00,83.64665222167969
2024-10-09 00:00:00-04:00,84.09452819824219
2024-10-10 00:00:00-04:00,84.21136474609375
2024-10-11 00:00:00-04:00,84.46451568603516
2024-10-14 00:00:00-04:00,85.47712707519531
2024-10-15 00:00:00-04:00,86.70393371582031
2024-10-16 00:00:00-04:00,87.42443084716797
2024-10-17 00:00:00-04:00,87.5510025024414
2024-10-18 00:00:00-04:00,88.55386352539062
2024-10-21 00:00:00-04:00,88.2715072631836
2024-10-22 00:00:00-04:00,87.15180206298828
2024-10-23 00:00:00-04:00,87.53153228759766
2024-10-24 00:00:00-04:00,87.95020294189453
2024-10-25 00:00:00-04:00,87.35626983642578
2024-10-28 00:00:00-04:00,88.47598266601562
2024-10-29 00:00:00-04:00,87.63863372802734
2024-10-30 00:00:00-04:00,88.32992553710938
2024-10-31 00:00:00-04:00,87.36602020263672
2024-11-01 00:00:00-04:00,86.75260162353516
2024-11-04 00:00:00-05:00,87.33679962158203
2024-11-05 00:00:00-05:00,84.28926086425781
2024-11-06 00:00:00-05:00,84.16268157958984
2024-11-07 00:00:00-05:00,84.39635467529297
2024-11-08 00:00:00-05:00,85.74974822998047
2024-11-11 00:00:00-05:00,86.38261413574219
2024-11-12 00:00:00-05:00,85.31159973144531
2024-11-13 00:00:00-05:00,86.53840637207031
2024-11-14 00:00:00-05:00,86.12946319580078
2024-11-15 00:00:00-05:00,85.5063247680664
2024-11-18 00:00:00-05:00,86.09052276611328
2024-11-19 00:00:00-05:00,83.81217956542969
2024-11-20 00:00:00-05:00,83.63692474365234
2024-11-21 00:00:00-05:00,83.24745178222656
2024-11-22 00:00:00-05:00,83.81217956542969
2024-11-25 00:00:00-05:00,82.1861801147461
2024-11-26 00:00:00-05:00,82.70220947265625
2024-11-27 00:00:00-05:00,83.29613494873047
2024-11-29 00:00:00-05:00,83.05271911621094
2024-12-02 00:00:00-05:00,82.88719940185547
2024-12-03 00:00:00-05:00,82.99430084228516
2024-12-04 00:00:00-05:00,83.00404357910156
2024-12-05 00:00:00-05:00,83.23771667480469
2024-12-06 00:00:00-05:00,83.09165954589844
2024-12-09 00:00:00-05:00,81.91832733154297
2024-12-10 00:00:00-05:00,82.94500732421875
2024-12-11 00:00:00-05:00,83.38500213623047
2024-12-12 00:00:00-05:00,83.0232162475586
2024-12-13 00:00:00-05:00,82.23121643066406
2024-12-16 00:00:00-05:00,81.20455932617188
2024-12-17 00:00:00-05:00,81.32188415527344
2024-12-18 00:00:00-05:00,78.55477142333984
2024-12-19 00:00:00-05:00,78.35921478271484
2024-12-20 00:00:00-05:00,79.64988708496094
2024-12-23 00:00:00-05:00,79.59121704101562
2024-12-24 00:00:00-05:00,80.51033020019531
2024-12-26 00:00:00-05:00,80.4321060180664
2024-12-27 00:00:00-05:00,79.78677368164062
2024-12-30 00:00:00-05:00,78.7992172241211
2024-12-31 00:00:00-05:00,78.97521209716797
2025-01-02 00:00:00-05:00,78.3103256225586
2025-01-03 00:00:00-05:00,78.47655487060547
2025-01-06 00:00:00-05:00,77.28366088867188
2025-01-07 00:00:00-05:00,77.40099334716797
2025-01-08 00:00:00-05:00,77.5867691040039
2025-01-10 00:00:00-05:00,75.41609954833984
2025-01-13 00:00:00-05:00,76.88276672363281
2025-01-14 00:00:00-05:00,76.60899353027344
2025-01-15 00:00:00-05:00,76.30587768554688
2025-01-16 00:00:00-05:00,76.96099853515625
2025-01-17 00:00:00-05:00,77.02943420410156
2025-01-21 00:00:00-05:00,77.15654754638672
2025-01-22 00:00:00-05:00,76.77520751953125
2025-01-23 00:00:00-05:00,77.5280990600586
2025-01-24 00:00:00-05:00,77.46943664550781
2025-01-27 00:00:00-05:00,79.30766296386719
2025-01-28 00:00:00-05:00,78.57433319091797
2025-01-29 00:00:00-05:00,78.84810638427734
2025-01-30 00:00:00-05:00,80.25611114501953
2025-01-31 00:00:00-05:00,79.65966033935547
2025-02-03 00:00:00-05:00,80.060546875
2025-02-04 00:00:00-05:00,79.71833801269531
2025-02-05 00:00:00-05:00,80.41255187988281
2025-02-06 00:00:00-05:00,81.01876831054688
2025-02-07 00:00:00-05:00,81.56633758544922
2025-02-10 00:00:00-05:00,80.8232192993164
2025-02-11 00:00:00-05:00,71.5343246459961
2025-02-12 00:00:00-05:00,70.96720886230469
2025-02-13 00:00:00-05:00,68.96276092529297
2025-02-14 00:00:00-05:00,67.44720458984375
2025-02-18 00:00:00-05:00,68.12185668945312
2025-02-19 00:00:00-05:00,67.8774185180664
2025-02-20 00:00:00-05:00,68.2978744506836
2025-02-21 00:00:00-05:00,68.2978744506836
2025-02-24 00:00:00-05:00,67.82853698730469
2025-02-25 00:00:00-05:00,67.7698745727539
2025-02-26 00:00:00-05:00,67.3787612915039
2025-02-27 00:00:00-05:00,67.7112045288086
2025-02-28 00:00:00-05:00,69.5396499633789
2025-03-03 00:00:00-05:00,70.59564971923828
2025-03-04 00:00:00-05:00,68.33697509765625
2025-03-05 00:00:00-05:00,68.11209869384766
2025-03-06 00:00:00-05:00,68.82585906982422
2025-03-07 00:00:00-05:00,69.68630981445312
2025-03-10 00:00:00-04:00,69.68630981445312
2025-03-11 00:00:00-04:00,66.98224639892578
2025-03-12 00:00:00-04:00,66.98224639892578
2025-03-13 00:00:00-04:00,68.58501434326172
2025-03-14 00:00:00-04:00,69.70597839355469
2025-03-17 00:00:00-04:00,71.0531005859375
2025-03-18 00:00:00-04:00,72.0658950805664
2025-03-19 00:00:00-04:00,73.0885238647461
2025-03-20 00:00:00-04:00,73.16719055175781
2025-03-21 00:00:00-04:00,72.12489318847656
2025-03-24 00:00:00-04:00,73.04918670654297
2025-03-25 00:00:00-04:00,72.93119049072266
2025-03-26 00:00:00-04:00,73.33434295654297
2025-03-27 00:00:00-04:00,73.816162109375
2025-03-28 00:00:00-04:00,72.41988372802734
2025-03-31 00:00:00-04:00,73.43267822265625
2025-04-01 00:00:00-04:00,73.32451629638672
2025-04-02 00:00:00-04:00,74.4749755859375
2025-04-03 00:00:00-04:00,73.26551818847656
2025-04-04 00:00:00-04:00,68.7325210571289
2025-04-07 00:00:00-04:00,67.55255889892578
2025-04-08 00:00:00-04:00,67.00190734863281
2025-04-09 00:00:00-04:00,71.20059967041016
2025-04-10 00:00:00-04:00,68.34902954101562
2025-04-11 00:00:00-04:00,71.14158630371094
2025-04-14 00:00:00-04:00,70.16812896728516
2025-04-15 00:00:00-04:00,68.90950775146484
2025-04-16 00:00:00-04:00,67.49356079101562
2025-04-17 00:00:00-04:00,73.33434295654297
2025-04-21 00:00:00-04:00,75.09445190429688
2025-04-22 00:00:00-04:00,77.79852294921875
2025-04-23 00:00:00-04:00,78.08367919921875
2025-04-24 00:00:00-04:00,78.53599548339844
2025-04-25 00:00:00-04:00,77.93618774414062
2025-04-28 00:00:00-04:00,76.67756652832031
2025-04-29 00:00:00-04:00,77.31670379638672
2025-04-30 00:00:00-04:00,77.5625228881836
2025-05-01 00:00:00-04:00,76.41207122802734
2025-05-02 00:00:00-04:00,77.54286193847656
2025-05-05 00:00:00-04:00,77.01188659667969
2025-05-06 00:00:00-04:00,74.62246704101562
2025-05-07 00:00:00-04:00,74.24881744384766
2025-05-08 00:00:00-04:00,76.61856079101562
2025-05-09 00:00:00-04:00,77.03154754638672
2025-05-12 00:00:00-04:00,77.5625228881836
2025-05-13 00:00:00-04:00,76.382568359375
2025-05-14 00:00:00-04:00,76.74639129638672
2025-05-15 00:00:00-04:00,77.39537048339844
2025-05-16 00:00:00-04:00,78.52616119384766
2025-05-19 00:00:00-04:00,79.62745666503906
2025-05-20 00:00:00-04:00,79.25379943847656
2025-05-21 00:00:00-04:00,77.8476791381836
2025-05-22 00:00:00-04:00,77.03154754638672
2025-05-23 00:00:00-04:00,76.91355895996094
2025-05-27 00:00:00-04:00,78.6244888305664
2025-05-28 00:00:00-04:00,78.63432312011719
2025-05-29 00:00:00-04:00,76.96271514892578
2025-05-30 00:00:00-04:00,78.28033447265625
2025-06-02 00:00:00-04:00,77.7690200805664
2025-06-03 00:00:00-04:00,78.80148315429688
2025-06-04 00:00:00-04:00,78.99813842773438
2025-06-05 00:00:00-04:00,79.1948013305664
2025-06-06 00:00:00-04:00,79.87328338623047
2025-06-09 00:00:00-04:00,80.32559967041016
2025-06-10 00:00:00-04:00,80.13784790039062
2025-06-11 00:00:00-04:00,80.09832763671875
2025-06-12 00:00:00-04:00,79.86117553710938
2025-06-13 00:00:00-04:00,78.40861511230469
2025-06-16 00:00:00-04:00,79.97975158691406
2025-06-17 00:00:00-04:00,79.48567962646484
2025-06-18 00:00:00-04:00,79.48567962646484
2025-06-20 00:00:00-04:00,79.21887969970703
2025-06-23 00:00:00-04:00,79.54496765136719
2025-06-24 00:00:00-04:00,81.15562438964844
2025-06-25 00:00:00-04:00,79.7722396850586
2025-06-26 00:00:00-04:00,79.05089569091797
2025-06-27 00:00:00-04:00,79.84141540527344
2025-06-30 00:00:00-04:00,80.44417572021484
2025-07-01 00:00:00-04:00,81.37301635742188
2025-07-02 00:00:00-04:00,80.30583190917969
2025-07-03 00:00:00-04:00,80.7999038696289
2025-07-07 00:00:00-04:00,79.88093566894531
2025-07-08 00:00:00-04:00,78.90267944335938
2025-07-09 00:00:00-04:00,79.0706558227539
2025-07-10 00:00:00-04:00,79.2682876586914
2025-07-11 00:00:00-04:00,77.7169189453125
2025-07-14 00:00:00-04:00,78.55683135986328
2025-07-15 00:00:00-04:00,77.76631927490234
2025-07-16 00:00:00-04:00,78.40861511230469
2025-07-17 00:00:00-04:00,79.78211975097656
2025-07-18 00:00:00-04:00,79.37699127197266
2025-07-21 00:00:00-04:00,79.12995910644531
2025-07-22 00:00:00-04:00,80.67144012451172
2025-07-23 00:00:00-04:00,80.6121597290039
2025-07-24 00:00:00-04:00,79.45603942871094
2025-07-25 00:00:00-04:00,80.96788787841797
2025-07-28 00:00:00-04:00,80.85919189453125
2025-07-29 00:00:00-04:00,80.65168762207031
2025-07-30 00:00:00-04:00,79.68331146240234
2025-07-31 00:00:00-04:00,78.46790313720703
2025-08-01 00:00:00-04:00,77.43035888671875
2025-08-04 00:00:00-04:00,78.02323913574219
2025-08-05 00:00:00-04:00,71.36320495605469
2025-08-06 00:00:00-04:00,69.07072448730469
2025-08-07 00:00:00-04:00,69.23870849609375
2025-08-08 00:00:00-04:00,70.31578063964844
2025-08-11 00:00:00-04:00,69.04108428955078
2025-08-12 00:00:00-04:00,70.90866088867188
2025-08-13 00:00:00-04:00,71.90666961669922
2025-08-14 00:00:00-04:00,70.73079681396484
2025-08-15 00:00:00-04:00,69.98969268798828
2025-08-18 00:00:00-04:00,68.90274047851562
2025-08-19 00:00:00-04:00,68.50749206542969
2025-08-20 00:00:00-04:00,68.93238830566406
2025-08-21 00:00:00-04:00,68.72488403320312
2025-08-22 00:00:00-04:00,70.90866088867188
2025-08-25 00:00:00-04:00,70.23672485351562
2025-08-26 00:00:00-04:00,69.16954040527344
2025-08-27 00:00:00-04:00,68.9225082397461
2025-08-28 00:00:00-04:00,68.9225082397461
2025-08-29 00:00:00-04:00,68.9817886352539
2025-09-02 00:00:00-04:00,67.49958801269531
2025-09-03 00:00:00-04:00,67.38101196289062
2025-09-04 00:00:00-04:00,67.89484405517578
2025-09-05 00:00:00-04:00,67.92448425292969
2025-09-08 00:00:00-04:00,68.14187622070312
2025-09-09 00:00:00-04:00,67.82567596435547
2025-09-10 00:00:00-04:00,65.96702575683594
2025-09-11 00:00:00-04:00,67.29888916015625
2025-09-12 00:00:00-04:00,66.43416595458984
2025-09-15 00:00:00-04:00,66.52362823486328
2025-09-16 00:00:00-04:00,66.03660583496094
2025-09-17 00:00:00-04:00,66.74229431152344
2025-09-18 00:00:00-04:00,65.83781433105469
2025-09-19 00:00:00-04:00,64.71467590332031
2025-09-22 00:00:00-04:00,64.2574691772461
2025-09-23 00:00:00-04:00,62.9852409362793
2025-09-24 00:00:00-04:00,63.740623474121094
2025-09-25 00:00:00-04:00,63.40269088745117
2025-09-26 00:00:00-04:00,63.84995651245117
2025-09-29 00:00:00-04:00,65.38060760498047
2025-09-30 00:00:00-04:00,65.53964233398438
2025-10-01 00:00:00-04:00,66.1061782836914
2025-10-02 00:00:00-04:00,66.04653930664062
2025-10-03 00:00:00-04:00,66.30496215820312
2025-10-06 00:00:00-04:00,66.74229431152344
2025-10-07 00:00:00-04:00,68.09403228759766
2025-10-08 00:00:00-04:00,67.71633911132812
2025-10-09 00:00:00-04:00,68.15367126464844
2025-10-10 00:00:00-04:00,66.4639892578125
2025-10-13 00:00:00-04:00,66.90131378173828
2025-10-14 00:00:00-04:00,67.32870483398438
2025-10-15 00:00:00-04:00,66.15586853027344
2025-10-16 00:00:00-04:00,65.4104232788086
2025-10-17 00:00:00-04:00,66.44410705566406
2025-10-20 00:00:00-04:00,67.52749633789062
2025-10-21 00:00:00-04:00,67.28894805908203
2025-10-22 00:00:00-04:00,67.46785736083984
2025-10-23 00:00:00-04:00,67.11003875732422
2025-10-24 00:00:00-04:00,67.37840270996094
2025-10-27 00:00:00-04:00,66.12605285644531
2025-10-28 00:00:00-04:00,65.52970123291016
2025-10-29 00:00:00-04:00,61.12659454345703
2025-10-30 00:00:00-04:00,62.011192321777344
2025-10-31 00:00:00-04:00,62.140403747558594
2025-11-03 00:00:00-05:00,61.82234573364258
2025-11-04 00:00:00-05:00,62.766578674316406
2025-11-05 00:00:00-05:00,64.35686492919922
2025-11-06 00:00:00-05:00,64.28728485107422
2025-11-07 00:00:00-05:00,64.38668060302734
2025-11-10 00:00:00-05:00,65.04267883300781
2025-11-11 00:00:00-05:00,65.97695922851562
2025-11-12 00:00:00-05:00,65.827880859375
2025-11-13 00:00:00-05:00,65.85769653320312
2025-11-14 00:00:00-05:00,63.84995651245117
2025-11-17 00:00:00-05:00,63.541839599609375
2025-11-18 00:00:00-05:00,62.766578674316406
2025-11-19 00:00:00-05:00,62.2795524597168
2025-11-20 00:00:00-05:00,62.001251220703125
2025-11-21 00:00:00-05:00,63.680992126464844
2025-11-24 00:00:00-05:00,64.01892852783203
2025-11-25 00:00:00-05:00,65.25139617919922
2025-11-26 00:00:00-05:00,64.9830322265625
2025-11-28 00:00:00-05:00,65.37066650390625
2025-12-01 00:00:00-05:00,65.79805755615234
2025-12-02 00:00:00-05:00,66.39441680908203
2025-12-03 00:00:00-05:00,65.26133728027344
2025-12-04 00:00:00-05:00,65.16194152832031
2025-12-05 00:00:00-05:00,66.2552719116211
2025-12-08 00:00:00-05:00,65.47999572753906
2025-12-09 00:00:00-05:00,65.16999816894531
2025-12-10 00:00:00-05:00,66.5999984741211
2025-12-11 00:00:00-05:00,67.23999786376953
2025-12-12 00:00:00-05:00,67.11000061035156
2025-12-15 00:00:00-05:00,66.61000061035156
2025-12-16 00:00:00-05:00,66.62000274658203
2025-12-17 00:00:00-05:00,66.30000305175781
2025-12-18 00:00:00-05:00,65.9000015258789
2025-12-19 00:00:00-05:00,66.05000305175781
2025-12-22 00:00:00-05:00,66.88999938964844
2025-12-23 00:00:00-05:00,66.80000305175781
2025-12-24 00:00:00-05:00,67.16999816894531
2025-12-26 00:00:00-05:00,67.19000244140625
2025-12-29 00:00:00-05:00,67.44999694824219
2025-12-30 00:00:00-05:00,67.16999816894531
2025-12-31 00:00:00-05:00,66.45999908447266
2026-01-02 00:00:00-05:00,65.62000274658203
2026-01-05 00:00:00-05:00,66.37000274658203
2026-01-06 00:00:00-05:00,67.05000305175781
2026-01-07 00:00:00-05:00,66.7300033569336
2026-01-08 00:00:00-05:00,67.54000091552734
2026-01-09 00:00:00-05:00,66.83999633789062
2026-01-12 00:00:00-05:00,66.23999786376953
2026-01-13 00:00:00-05:00,64.2300033569336
2026-01-14 00:00:00-05:00,63.97999954223633
